depth_of_cut,feed_rate,tool_wear_min,tool_breakage
1.22,0.191,66.7,0
3.46,0.254,102.8,0
3.23,0.183,22.8,0
2.89,0.28,73.4,0
1.62,0.314,31.5,0
4.76,0.381,10.9,1
4.98,0.18,13.1,0
0.54,0.079,116.9,0
4.18,0.162,34.6,0
1.8,0.43,37.1,0
2.53,0.152,2.5,0
2.35,0.581,81.7,1
1.26,0.324,66.8,0
3.52,0.143,85.3,0
1.15,0.09,54.6,0
2.89,0.07,11.5,0
2.08,0.095,52.4,0
1.11,0.071,66.1,0
2.65,0.231,119.9,0
3.27,0.193,21.5,0
0.81,0.136,109.4,0
1.53,0.251,65.9,0
1.53,0.243,5.9,0
2.9,0.191,82.5,0
0.52,0.571,80.2,0
3.16,0.134,84.6,0
1.62,0.187,92.1,0
2.26,0.377,61.5,0
1.21,0.416,19.1,0
1.93,0.409,69.6,0
1.86,0.516,79.4,0
1.42,0.295,3.6,0
0.82,0.318,88.9,0
2.47,0.319,69.3,0
1.44,0.126,85.4,0
2.21,0.344,79.5,0
1.16,0.267,100.1,0
0.61,0.184,34.8,0
3.26,0.165,78.5,0
0.93,0.133,6.9,0
2.39,0.375,72.1,0
4.19,0.094,94.6,0
4.79,0.396,116.9,1
2.72,0.594,24.1,1
1.59,0.467,40.4,0
2.86,0.117,1.7,0
1.74,0.211,104.3,0
2.7,0.295,21.9,0
1.86,0.542,36.8,0
4.56,0.057,10.7,0
0.79,0.528,30.2,0
2.77,0.232,48.6,0
4.08,0.068,79.5,0
3.01,0.241,40.5,0
3.08,0.385,0.8,0
0.71,0.309,39.5,0
2.3,0.432,90.8,0
2.69,0.596,44.3,1
3.33,0.257,5.0,0
4.33,0.158,55.6,0
1.97,0.262,28.1,0
0.62,0.501,10.5,0
2.96,0.269,66.5,0
2.79,0.101,89.6,0
3.75,0.344,32.9,1
1.85,0.06,84.7,0
1.03,0.56,65.2,0
1.91,0.337,48.0,0
1.01,0.53,69.1,0
1.34,0.368,0.8,0
4.37,0.069,105.1,0
2.77,0.57,81.9,1
4.5,0.257,24.9,1
1.37,0.117,6.8,0
1.37,0.069,68.2,0
3.47,0.121,29.9,0
1.23,0.586,67.6,0
0.57,0.471,52.7,0
1.12,0.118,34.6,0
1.81,0.107,27.4,0
2.11,0.179,102.7,0
4.99,0.101,70.8,0
0.68,0.347,36.3,0
2.57,0.102,35.0,0
1.51,0.344,19.5,0
0.55,0.391,30.3,0
0.76,0.259,26.7,0
1.34,0.219,73.1,0
2.22,0.433,33.5,0
1.66,0.412,109.6,0
2.97,0.22,26.9,0
1.41,0.105,101.3,0
3.26,0.323,40.0,1
3.12,0.207,85.6,0
4.06,0.181,108.3,0
0.68,0.382,77.8,0
0.98,0.254,2.9,0
1.66,0.051,64.5,0
2.12,0.208,2.8,0
4.38,0.348,21.4,1
2.8,0.271,64.4,0
1.54,0.575,90.8,0
4.0,0.062,45.8,0
1.71,0.36,86.1,0
2.98,0.132,47.1,0
4.68,0.22,74.5,1
0.53,0.208,98.6,0
2.53,0.389,67.4,0
4.11,0.202,6.6,0
3.07,0.257,25.6,0
1.75,0.238,100.3,0
2.17,0.066,10.7,0
1.27,0.455,112.9,0
3.1,0.124,83.2,0
3.67,0.14,72.2,0
2.06,0.323,89.6,0
3.06,0.282,25.5,0
4.56,0.142,42.4,0
3.84,0.534,75.8,1
2.22,0.505,44.1,0
1.48,0.315,76.4,0
2.09,0.099,76.3,0
0.55,0.446,21.8,0
2.56,0.577,15.3,1
2.72,0.211,18.0,0
1.2,0.06,73.2,0
1.19,0.087,72.2,0
3.63,0.162,5.8,0
0.81,0.067,66.1,0
0.75,0.55,42.9,0
1.42,0.48,8.4,0
1.65,0.314,0.2,0
2.58,0.101,115.0,0
1.94,0.264,58.4,0
1.56,0.445,100.4,0
0.98,0.453,26.1,0
0.98,0.386,28.7,0
0.9,0.28,6.4,0
2.32,0.218,5.5,0
4.78,0.233,115.3,1
0.61,0.416,14.2,0
1.01,0.422,59.1,0
0.98,0.222,3.7,0
4.5,0.099,84.1,0
3.04,0.303,114.3,0
0.77,0.239,28.1,0
1.65,0.355,10.5,0
1.69,0.542,60.1,0
2.62,0.15,29.3,0
2.7,0.349,73.2,0
2.47,0.288,23.0,0
0.62,0.054,104.8,0
1.94,0.188,89.1,0
0.7,0.069,61.4,0
1.59,0.324,11.4,0
4.89,0.299,100.8,1
0.89,0.422,78.3,0
4.31,0.143,40.1,0
0.88,0.369,8.4,0
4.97,0.321,117.6,1
4.04,0.16,57.3,0
2.27,0.331,7.1,0
2.46,0.127,114.3,0
0.73,0.482,81.5,0
4.83,0.544,21.2,1
3.64,0.154,72.4,0
0.75,0.572,102.8,0
1.2,0.367,73.8,0
1.0,0.495,45.0,0
3.04,0.097,3.0,0
2.62,0.42,33.9,0
0.85,0.44,37.6,0
1.89,0.525,92.1,0
1.12,0.424,1.2,0
1.91,0.432,48.4,0
0.6,0.237,112.4,0
2.24,0.389,113.1,0
1.97,0.392,52.9,0
4.38,0.195,74.9,0
2.81,0.297,101.7,0
3.24,0.15,12.1,0
0.76,0.298,109.1,0
1.96,0.571,73.6,0
2.84,0.539,20.9,1
1.04,0.345,51.5,0
2.21,0.509,65.7,0
2.78,0.298,17.5,0
3.24,0.282,52.8,0
0.57,0.09,16.9,0
3.74,0.165,49.2,0
1.38,0.28,94.3,0
2.79,0.232,113.6,0
0.72,0.388,41.2,0
3.76,0.19,31.1,0
2.97,0.383,2.0,0
0.82,0.514,69.5,0
2.26,0.312,106.2,0
0.7,0.102,94.2,0
2.93,0.173,32.0,0
2.13,0.399,74.0,0
1.58,0.209,38.9,0
0.75,0.531,85.0,0
0.84,0.467,16.9,0
1.73,0.186,31.3,0
2.16,0.218,12.9,0
0.64,0.582,69.9,0
2.56,0.158,24.9,0
2.15,0.567,71.2,0
1.55,0.412,57.4,0
1.59,0.448,28.2,0
0.97,0.076,18.2,0
4.0,0.168,114.2,0
1.46,0.387,8.7,0
1.77,0.289,52.7,0
1.21,0.56,9.3,0
0.89,0.417,61.1,0
4.23,0.098,71.6,0
2.84,0.404,50.7,1
2.57,0.156,51.7,0
2.89,0.297,119.5,0
0.58,0.251,50.3,0
4.76,0.166,15.9,0
1.23,0.544,49.3,0
1.74,0.229,92.8,0
0.59,0.054,114.6,0
1.19,0.063,67.9,0
3.53,0.096,6.7,0
3.2,0.108,12.9,0
1.65,0.514,51.9,0
3.38,0.293,15.5,0
1.49,0.37,14.9,0
4.96,0.069,56.1,0
2.47,0.085,51.8,0
2.23,0.193,10.2,0
4.6,0.584,5.1,1
4.18,0.142,85.8,0
0.73,0.567,112.4,0
3.24,0.273,51.1,0
1.81,0.224,78.1,0
3.16,0.211,5.7,0
1.17,0.137,54.4,0
1.28,0.494,17.9,0
1.57,0.506,68.4,0
2.79,0.375,117.3,0
4.77,0.074,86.4,0
1.98,0.597,68.2,0
0.78,0.058,112.2,0
1.58,0.41,79.8,0
0.91,0.421,14.9,0
1.91,0.387,2.9,0
1.08,0.533,11.2,0
0.61,0.347,30.5,0
2.01,0.249,18.1,0
0.77,0.564,31.3,0
3.39,0.161,3.0,0
2.16,0.157,56.2,0
1.5,0.457,45.6,0
4.27,0.204,40.6,0
2.09,0.351,37.6,0
3.79,0.09,1.0,0
3.91,0.087,98.0,0
3.02,0.119,52.7,0
1.15,0.596,81.9,0
0.98,0.31,118.4,0
4.68,0.063,84.5,0
1.12,0.481,22.1,0
1.55,0.185,65.2,0
4.73,0.192,7.7,0
4.41,0.202,105.9,0
4.83,0.414,7.9,1
0.62,0.207,102.1,0
1.17,0.31,22.0,0
2.76,0.277,78.9,0
4.87,0.342,11.6,1
2.4,0.311,15.0,0
1.84,0.585,38.5,0
2.85,0.136,117.2,0
1.05,0.171,30.6,0
1.92,0.566,83.8,0
3.34,0.217,117.7,0
1.1,0.505,2.8,0
4.21,0.054,77.5,0
1.16,0.147,35.8,0
3.57,0.071,117.3,0
1.57,0.545,40.5,0
4.62,0.173,39.0,0
2.16,0.181,97.3,0
1.05,0.545,70.6,0
2.45,0.237,115.3,0
3.24,0.219,98.2,0
0.87,0.241,44.2,0
2.04,0.497,72.4,0
1.77,0.539,81.1,0
0.72,0.351,60.6,0
1.22,0.58,74.2,0
2.34,0.159,45.4,0
0.66,0.456,28.2,0
0.91,0.546,74.5,0
4.22,0.235,59.2,0
1.9,0.063,35.2,0
3.96,0.551,6.2,1
1.55,0.276,71.6,0
1.13,0.169,40.8,0
0.62,0.11,38.5,0
0.96,0.479,58.1,0
1.53,0.434,53.0,0
1.63,0.062,87.8,0
1.72,0.099,31.0,0
2.13,0.142,6.8,0
0.87,0.325,49.3,0
1.65,0.428,6.5,0
2.26,0.385,70.5,0
0.92,0.113,85.8,0
2.34,0.319,13.4,0
4.58,0.102,74.8,0
3.41,0.172,99.4,0
1.35,0.313,37.5,0
2.83,0.225,33.2,0
3.13,0.29,54.9,0
1.15,0.347,23.8,0
3.53,0.221,64.2,0
3.04,0.122,43.9,0
1.8,0.131,88.7,0
1.75,0.527,77.1,0
0.97,0.6,58.7,0
0.6,0.378,10.1,0
1.89,0.171,107.1,0
0.71,0.495,78.1,0
3.7,0.077,82.4,0
1.82,0.577,112.8,0
2.2,0.395,63.9,0
1.33,0.467,110.0,0
0.6,0.135,32.4,0
1.72,0.527,113.4,0
3.27,0.171,25.5,0
1.15,0.153,5.0,0
3.15,0.19,60.6,0
1.14,0.528,27.7,0
0.77,0.599,76.7,0
1.06,0.406,22.6,0
2.42,0.252,11.3,0
0.68,0.288,21.6,0
3.97,0.058,60.1,0
2.91,0.238,61.2,0
0.51,0.568,8.6,0
2.41,0.338,87.8,0
1.13,0.521,109.4,0
4.67,0.083,64.3,0
2.4,0.348,98.3,0
1.54,0.118,116.5,0
0.54,0.086,74.3,0
1.57,0.176,76.4,0
4.06,0.191,42.7,0
4.29,0.08,106.7,0
1.7,0.069,62.2,0
4.09,0.251,4.6,1
1.06,0.594,92.0,0
3.92,0.225,63.5,0
3.34,0.157,81.1,0
4.01,0.061,11.0,0
2.79,0.08,54.5,0
3.08,0.341,90.1,1
1.26,0.549,12.2,0
1.1,0.29,43.1,0
1.19,0.288,8.1,0
1.48,0.174,80.7,0
3.82,0.4,60.2,1
2.48,0.377,91.4,0
1.16,0.558,61.0,0
3.59,0.121,47.2,0
3.88,0.208,16.2,0
1.07,0.392,116.6,0
2.45,0.371,77.4,0
1.91,0.571,16.1,0
0.8,0.461,5.5,0
0.94,0.406,27.6,0
4.86,0.061,115.3,0
4.78,0.491,34.3,1
3.01,0.051,90.0,0
1.51,0.474,14.0,0
1.25,0.118,32.9,0
4.62,0.234,0.2,0
2.81,0.106,91.1,0
1.4,0.255,44.4,0
4.82,0.126,31.4,0
4.55,0.127,66.2,0
3.62,0.201,26.2,0
2.09,0.366,24.9,0
2.97,0.121,93.5,0
0.81,0.205,118.9,0
1.12,0.102,67.8,0
1.98,0.468,66.1,0
2.66,0.314,63.9,0
3.93,0.536,39.0,1
0.84,0.119,97.2,0
0.74,0.453,103.6,0
1.69,0.178,72.9,0
0.81,0.56,90.6,0
0.76,0.274,63.9,0
1.86,0.065,118.2,0
0.6,0.454,43.6,0
0.95,0.594,75.1,0
0.78,0.356,41.2,0
3.0,0.072,54.6,0
1.41,0.432,42.8,0
2.37,0.086,38.8,0
0.85,0.269,17.0,0
3.98,0.074,81.9,0
0.77,0.367,50.8,0
0.57,0.207,24.0,0
2.01,0.179,54.7,0
2.15,0.229,4.5,0
2.91,0.34,52.3,0
3.07,0.128,51.7,0
3.32,0.27,118.4,0
3.13,0.098,45.5,0
3.14,0.582,25.8,1
1.68,0.579,80.8,0
4.2,0.235,26.9,0
0.94,0.582,62.1,0
0.58,0.174,61.2,0
0.86,0.595,75.8,0
2.19,0.096,92.8,0
2.18,0.55,109.2,0
1.16,0.577,39.7,0
0.65,0.266,85.7,0
0.59,0.143,93.9,0
1.66,0.2,87.2,0
2.88,0.11,98.1,0
1.42,0.414,107.9,0
1.66,0.599,7.0,0
2.69,0.149,114.0,0
1.97,0.077,80.9,0
1.91,0.117,48.9,0
2.18,0.206,75.1,0
0.7,0.239,44.7,0
2.62,0.153,29.4,0
1.03,0.599,49.4,0
3.91,0.407,47.0,1
0.62,0.429,96.2,0
2.5,0.19,82.2,0
3.66,0.567,57.9,1
3.77,0.18,75.8,0
0.92,0.183,70.5,0
2.35,0.381,107.1,0
3.04,0.247,47.4,0
1.47,0.596,5.7,0
1.01,0.291,8.7,0
4.78,0.395,105.8,1
3.5,0.526,49.8,1
3.41,0.271,119.2,0
1.6,0.065,45.3,0
1.83,0.303,86.3,0
4.18,0.095,97.9,0
2.55,0.203,34.0,0
4.09,0.158,45.3,0
2.74,0.358,30.0,0
0.54,0.054,58.9,0
3.03,0.214,67.0,0
4.86,0.168,26.1,0
0.91,0.37,19.3,0
0.56,0.242,111.7,0
1.64,0.527,27.5,0
3.88,0.211,39.9,0
0.86,0.074,91.9,0
3.24,0.192,24.1,0
2.41,0.323,103.8,0
1.81,0.38,2.9,0
0.84,0.486,118.2,0
4.51,0.134,68.8,0
4.72,0.093,3.3,0
2.26,0.526,60.0,0
1.87,0.439,77.6,0
1.97,0.573,21.7,0
4.1,0.101,84.1,0
1.29,0.565,82.0,0
1.57,0.062,4.2,0
0.87,0.413,3.9,0
1.55,0.342,108.0,0
4.18,0.465,116.2,1
3.87,0.156,38.3,0
1.19,0.479,31.9,0
2.19,0.313,22.3,0
3.08,0.23,45.4,0
0.89,0.359,39.5,0
2.48,0.062,116.5,0
3.31,0.374,73.9,1
2.97,0.133,93.5,0
4.17,0.395,40.6,1
4.72,0.145,113.5,0
1.08,0.239,116.6,0
0.88,0.494,89.8,0
1.31,0.471,24.3,0
2.26,0.546,15.9,0
2.15,0.218,18.6,0
3.67,0.142,82.6,0
0.8,0.478,15.4,0
3.07,0.068,102.2,0
2.1,0.475,6.3,0
0.98,0.362,59.0,0
1.73,0.449,74.0,0
1.87,0.341,37.3,0
3.97,0.527,61.1,1
2.64,0.33,21.6,0
1.46,0.484,97.4,0
2.41,0.549,87.7,1
3.29,0.281,96.3,0
2.35,0.48,96.6,0
0.81,0.29,72.4,0
2.97,0.11,117.8,0
0.77,0.35,22.3,0
4.52,0.108,114.4,0
0.59,0.427,36.2,0
0.76,0.337,34.1,0
2.8,0.547,16.0,1
1.76,0.462,67.4,0
3.55,0.068,46.5,0
2.84,0.59,68.6,1
4.38,0.056,60.2,0
2.35,0.162,10.6,0
3.18,0.123,83.7,0
3.01,0.275,107.2,0
4.85,0.174,93.6,0
4.4,0.063,13.6,0
1.69,0.481,100.4,0
3.5,0.22,16.2,0
3.4,0.09,55.7,0
2.56,0.065,113.3,0
1.54,0.527,99.8,0
2.73,0.326,95.9,0
4.22,0.137,38.6,0
1.51,0.277,30.4,0
2.04,0.319,57.2,0
4.54,0.177,107.2,0
1.07,0.219,1.0,0
0.68,0.468,45.5,0
4.38,0.161,77.5,0
1.96,0.263,47.3,0
1.74,0.566,58.9,0
1.8,0.46,66.8,0
2.09,0.385,93.0,0
1.01,0.103,47.5,0
3.45,0.184,70.1,0
1.55,0.489,16.9,0
4.61,0.1,100.6,0
0.72,0.368,100.2,0
2.45,0.36,104.0,0
1.7,0.349,110.0,0
2.09,0.184,80.1,0
2.06,0.544,49.9,0
3.41,0.106,25.1,0
1.57,0.208,78.1,0
1.69,0.278,43.1,0
1.04,0.51,40.4,0
0.59,0.448,109.6,0
2.41,0.192,6.0,0
2.85,0.214,96.8,0
1.06,0.335,76.9,0
1.74,0.558,56.4,0
1.13,0.523,21.5,0
3.91,0.211,103.4,0
2.97,0.274,21.7,0
1.89,0.422,49.7,0
1.41,0.148,117.4,0
0.95,0.123,76.5,0
1.29,0.134,45.8,0
1.67,0.342,55.2,0
0.71,0.454,116.4,0
1.13,0.095,57.5,0
1.93,0.158,5.4,0
0.62,0.27,108.2,0
4.18,0.203,99.7,0
1.52,0.169,82.9,0
1.05,0.259,109.1,0
4.93,0.202,59.7,1
2.17,0.178,32.4,0
1.2,0.075,18.7,0
2.05,0.243,114.0,0
3.28,0.152,54.0,0
0.71,0.327,61.3,0
1.87,0.347,29.8,0
2.8,0.151,77.9,0
1.75,0.163,28.6,0
2.1,0.306,67.9,0
1.13,0.347,80.8,0
1.27,0.236,110.8,0
3.39,0.149,45.5,0
2.22,0.453,63.8,0
1.73,0.344,104.1,0
3.76,0.168,68.3,0
2.27,0.153,43.0,0
2.43,0.237,58.0,0
1.88,0.55,0.5,0
2.3,0.416,21.8,0
2.62,0.189,29.8,0
4.62,0.195,49.0,0
2.9,0.141,61.6,0
1.28,0.21,79.9,0
1.77,0.134,50.2,0
1.82,0.275,50.5,0
0.84,0.091,111.1,0
3.97,0.057,22.3,0
4.92,0.132,40.9,0
2.4,0.363,106.3,0
4.98,0.068,118.3,0
1.74,0.148,46.5,0
2.73,0.296,0.1,0
0.5,0.367,45.7,0
1.56,0.503,16.7,0
4.46,0.099,32.3,0
4.14,0.433,25.4,1
2.02,0.409,99.2,0
0.77,0.396,75.4,0
2.28,0.405,78.5,0
2.48,0.342,67.0,0
3.08,0.348,68.4,0
3.81,0.148,23.6,0
3.46,0.084,6.3,0
3.26,0.547,24.0,1
1.43,0.499,37.9,0
1.11,0.483,3.6,0
1.21,0.52,74.2,0
1.97,0.224,57.0,0
2.02,0.091,89.1,0
1.68,0.104,57.2,0
2.73,0.272,79.6,0
2.8,0.31,68.1,0
0.73,0.103,74.4,0
2.22,0.54,100.0,0
0.61,0.542,96.3,0
4.67,0.117,86.4,0
3.3,0.116,73.8,0
4.23,0.439,18.8,1
1.18,0.209,52.0,0
2.13,0.235,104.4,0
4.72,0.099,115.6,0
1.81,0.233,33.1,0
2.56,0.147,110.1,0
1.68,0.156,7.0,0
0.56,0.319,21.6,0
2.58,0.223,47.5,0
2.31,0.479,88.3,0
1.0,0.511,96.5,0
4.9,0.087,25.5,0
3.77,0.132,2.2,0
2.5,0.192,77.1,0
0.83,0.268,32.3,0
3.78,0.066,2.4,0
2.04,0.379,112.6,0
1.61,0.272,109.9,0
2.77,0.335,74.4,0
0.6,0.294,100.6,0
2.22,0.199,24.7,0
2.66,0.108,118.0,0
3.82,0.232,24.9,0
2.95,0.338,39.1,0
2.79,0.316,40.6,0
1.12,0.142,76.1,0
0.68,0.245,55.9,0
3.97,0.124,61.2,0
1.93,0.052,40.2,0
4.94,0.518,116.4,1
2.37,0.47,49.2,0
2.56,0.061,61.8,0
3.49,0.257,94.9,0
2.68,0.187,118.3,0
3.26,0.127,106.7,0
1.37,0.466,49.0,0
0.98,0.375,74.9,0
3.87,0.132,119.5,0
3.24,0.123,82.5,0
3.16,0.477,21.5,1
2.41,0.232,83.0,0
2.94,0.25,67.7,0
3.23,0.296,14.9,0
3.73,0.06,54.5,0
2.55,0.322,76.4,0
2.95,0.362,4.1,0
1.84,0.136,51.9,0
2.26,0.508,20.3,0
1.67,0.185,67.6,0
3.18,0.06,115.0,0
0.79,0.164,2.0,0
1.44,0.088,38.8,0
2.85,0.217,40.4,0
3.1,0.357,92.9,0
3.03,0.582,47.0,1
0.62,0.309,19.9,0
4.56,0.052,98.1,0
1.25,0.35,24.5,0
3.68,0.097,47.4,0
3.27,0.199,13.8,0
2.54,0.476,21.3,1
1.56,0.395,110.7,0
0.88,0.382,19.5,0
3.11,0.285,92.1,0
4.5,0.583,115.7,1
1.51,0.431,76.2,0
1.37,0.278,95.1,0
2.88,0.094,68.2,0
2.61,0.496,46.0,0
2.32,0.401,74.3,0
2.38,0.09,35.7,0
0.99,0.386,51.4,0
1.02,0.23,19.1,0
3.18,0.194,82.4,0
1.52,0.065,47.5,0
4.89,0.226,91.7,1
1.63,0.131,86.5,0
1.73,0.56,17.3,0
1.82,0.182,47.3,0
0.92,0.346,88.8,0
4.5,0.398,10.2,1
3.28,0.303,88.8,0
0.68,0.488,8.5,0
1.96,0.24,103.0,0
3.61,0.204,46.3,0
2.65,0.143,27.1,0
0.67,0.28,6.2,0
3.78,0.073,15.6,0
2.55,0.458,50.1,0
1.85,0.296,9.1,0
1.27,0.429,107.9,0
2.2,0.233,12.2,0
0.9,0.579,35.5,0
1.31,0.208,88.0,0
0.6,0.08,42.5,0
4.23,0.143,59.6,0
4.95,0.052,91.1,0
0.72,0.164,110.4,0
0.77,0.225,47.9,0
1.93,0.534,46.2,0
0.95,0.05,56.4,0
3.29,0.144,80.8,0
1.31,0.559,22.6,0
0.56,0.415,95.4,0
0.87,0.13,114.7,0
1.15,0.499,9.3,0
2.89,0.179,62.9,0
1.36,0.199,1.1,0
1.41,0.222,68.5,0
3.02,0.182,54.1,0
2.09,0.077,102.1,0
2.12,0.269,103.7,0
1.49,0.169,13.4,0
1.41,0.567,79.1,0
0.71,0.275,110.1,0
2.15,0.077,66.4,0
0.97,0.089,78.4,0
1.42,0.3,62.7,0
1.29,0.482,5.4,0
1.39,0.537,41.2,0
4.27,0.229,44.5,0
1.56,0.418,83.0,0
2.26,0.317,42.3,0
2.82,0.16,87.6,0
2.3,0.14,15.9,0
4.89,0.19,29.7,0
1.43,0.464,59.4,0
0.53,0.581,11.2,0
2.22,0.271,73.6,0
2.1,0.329,48.7,0
3.0,0.174,21.9,0
4.59,0.118,107.6,0
4.43,0.132,38.1,0
2.79,0.133,43.2,0
1.93,0.477,6.6,0
2.74,0.21,105.0,0
2.42,0.428,93.4,0
1.52,0.171,45.9,0
1.12,0.486,96.7,0
1.25,0.535,24.1,0
1.98,0.313,23.9,0
1.66,0.245,112.8,0
1.12,0.439,50.7,0
1.67,0.439,88.4,0
4.49,0.139,56.9,0
0.53,0.391,100.2,0
1.15,0.241,17.6,0
0.78,0.315,40.2,0
1.41,0.447,107.5,0
1.67,0.565,47.2,0
3.11,0.356,38.9,0
2.18,0.442,43.9,0
0.73,0.432,96.7,0
4.52,0.06,35.4,0
2.79,0.195,114.1,0
2.7,0.051,92.0,0
1.19,0.316,49.7,0
4.38,0.063,46.8,0
1.16,0.292,92.6,0
2.2,0.334,116.8,0
0.74,0.416,81.6,0
4.25,0.387,8.2,1
2.05,0.367,103.4,0
2.98,0.087,41.2,0
3.87,0.37,72.2,1
2.17,0.469,64.7,0
1.57,0.28,11.4,0
0.91,0.544,43.6,0
1.41,0.162,87.6,0
1.67,0.352,38.4,0
3.43,0.082,55.8,0
1.95,0.156,14.6,0
1.49,0.196,81.2,0
0.79,0.082,70.5,0
1.7,0.585,88.8,0
0.81,0.132,4.1,0
1.71,0.253,117.1,0
4.44,0.169,20.8,0
1.75,0.554,50.1,0
1.26,0.491,12.1,0
2.29,0.112,44.5,0
0.66,0.309,116.9,0
2.86,0.358,106.0,0
2.12,0.564,64.1,0
2.46,0.166,50.7,0
1.06,0.316,100.0,0
0.95,0.385,80.7,0
1.94,0.104,39.1,0
1.15,0.162,4.5,0
2.07,0.107,20.6,0
2.31,0.328,36.9,0
3.68,0.214,15.1,0
2.35,0.316,55.2,0
1.03,0.052,3.4,0
0.81,0.313,62.7,0
1.15,0.572,88.3,0
2.94,0.072,34.4,0
1.53,0.253,88.7,0
2.68,0.228,53.7,0
3.26,0.362,0.2,0
4.58,0.108,108.7,0
1.82,0.587,95.7,0
1.31,0.067,45.7,0
4.72,0.055,117.9,0
3.23,0.181,88.5,0
3.95,0.119,1.6,0
2.81,0.252,115.5,0
0.62,0.167,86.9,0
1.4,0.081,46.8,0
0.7,0.425,84.1,0
2.58,0.383,105.4,0
2.6,0.212,1.5,0
2.06,0.207,34.8,0
2.54,0.297,103.1,0
2.63,0.173,90.8,0
2.08,0.378,0.8,0
1.44,0.346,16.0,0
0.55,0.243,11.4,0
1.0,0.563,113.9,0
3.19,0.385,85.4,1
4.75,0.086,4.6,0
1.45,0.57,21.2,0
1.56,0.114,7.2,0
2.58,0.59,42.2,1
0.85,0.252,13.9,0
2.69,0.239,119.0,0
1.76,0.199,0.3,0
1.63,0.455,101.1,0
1.13,0.145,60.1,0
4.55,0.125,45.3,0
0.68,0.407,74.9,0
0.73,0.078,63.6,0
0.65,0.271,61.0,0
0.78,0.583,38.2,0
3.4,0.163,44.7,0
2.4,0.234,41.6,0
1.36,0.476,114.1,0
0.58,0.231,41.0,0
2.21,0.378,100.8,0
2.02,0.187,19.9,0
2.38,0.567,27.4,1
2.48,0.4,31.5,0
1.5,0.43,17.4,0
1.35,0.103,30.4,0
1.56,0.151,27.1,0
3.44,0.124,60.1,0
2.09,0.137,29.1,0
2.21,0.151,8.0,0
2.42,0.101,89.1,0
3.48,0.068,64.2,0
1.83,0.247,106.3,0
0.8,0.468,61.9,0
1.88,0.313,83.1,0
0.96,0.578,49.3,0
0.99,0.216,7.0,0
1.62,0.218,102.5,0
0.6,0.299,100.2,0
1.18,0.169,63.4,0
1.64,0.351,93.4,0
4.27,0.127,43.5,0
0.88,0.482,102.7,0
1.52,0.392,82.4,0
1.63,0.272,53.7,0
3.97,0.108,112.9,0
1.94,0.548,55.1,0
3.93,0.053,53.3,0
1.94,0.22,11.5,0
2.41,0.066,116.9,0
1.11,0.11,107.3,0
1.73,0.426,116.4,0
1.75,0.586,118.5,0
4.92,0.084,1.5,0
2.6,0.404,96.0,0
1.79,0.586,98.8,0
1.79,0.074,47.6,0
3.73,0.365,55.8,1
1.39,0.095,119.5,0
1.31,0.439,30.2,0
0.64,0.325,45.9,0
3.18,0.236,21.8,0
2.32,0.491,60.6,0
1.33,0.111,111.2,0
4.79,0.12,66.5,0
2.55,0.345,4.2,0
1.13,0.423,69.3,0
0.6,0.541,50.5,0
1.92,0.235,55.7,0
3.15,0.413,90.5,1
2.47,0.47,24.7,0
2.5,0.333,63.7,0
3.37,0.24,47.7,0
1.35,0.2,26.9,0
1.95,0.128,96.8,0
2.05,0.473,26.5,0
4.36,0.103,87.9,0
1.1,0.406,102.0,0
1.66,0.264,52.0,0
3.28,0.312,7.6,0
2.67,0.539,61.7,1
1.19,0.286,13.4,0
3.17,0.126,52.6,0
2.61,0.164,24.0,0
1.65,0.595,95.0,0
4.4,0.39,72.2,1
1.07,0.178,95.2,0
4.37,0.114,50.9,0
3.88,0.364,61.6,1
3.32,0.096,69.0,0
1.8,0.113,36.5,0
1.51,0.179,65.4,0
2.55,0.322,41.7,0
2.02,0.374,43.1,0
1.45,0.452,92.5,0
1.01,0.193,11.0,0
1.75,0.194,5.9,0
0.74,0.265,111.5,0
0.79,0.474,65.5,0
1.73,0.143,50.4,0
2.2,0.271,44.9,0
2.04,0.067,83.7,0
3.03,0.145,45.6,0
0.69,0.184,95.9,0
3.11,0.079,6.6,0
3.54,0.1,66.6,0
1.26,0.395,103.0,0
2.09,0.246,74.3,0
3.99,0.153,8.1,0
1.54,0.223,55.7,0
2.34,0.303,100.0,0
4.6,0.183,45.2,0
2.27,0.082,26.2,0
1.52,0.286,27.5,0
4.66,0.165,31.7,0
1.86,0.153,24.3,0
3.92,0.305,103.2,1
1.06,0.058,18.6,0
1.44,0.184,35.3,0
3.66,0.199,36.5,0
3.81,0.093,1.6,0
2.75,0.562,23.3,1
3.65,0.08,45.4,0
1.08,0.13,22.0,0
0.54,0.327,21.3,0
2.06,0.167,86.1,0
3.11,0.063,61.5,0
1.11,0.221,88.9,0
1.76,0.456,86.2,0
1.18,0.513,50.6,0
1.51,0.275,53.8,0
3.6,0.376,20.2,1
1.74,0.202,6.6,0
1.65,0.293,21.5,0
0.85,0.136,14.6,0
0.68,0.339,32.6,0
2.8,0.259,11.6,0
3.56,0.466,5.8,1
1.02,0.516,99.5,0
2.41,0.523,56.3,0
1.95,0.486,20.3,0
0.68,0.135,64.0,0
3.27,0.34,19.0,0
2.84,0.107,113.6,0
1.82,0.475,89.3,0
2.64,0.163,79.1,0
1.37,0.068,87.2,0
0.82,0.326,13.2,0
0.51,0.054,82.9,0
1.08,0.339,42.5,0
1.9,0.44,112.4,0
0.54,0.544,43.6,0
2.54,0.057,0.1,0
3.93,0.129,30.3,0
1.84,0.452,87.5,0
1.05,0.356,61.9,0
1.45,0.546,68.4,0
2.32,0.152,118.5,0
1.07,0.092,18.7,0
2.26,0.307,13.6,0
1.09,0.186,56.1,0
0.62,0.335,80.9,0
2.76,0.071,21.5,0
4.6,0.072,47.5,0
2.64,0.489,1.7,0
2.68,0.373,20.9,0
3.09,0.48,95.6,1
2.32,0.522,43.6,0
3.17,0.074,58.8,0
4.64,0.174,118.2,0
4.4,0.157,84.9,0
4.51,0.13,59.0,0
3.14,0.363,115.3,1
0.51,0.334,108.2,0
1.77,0.317,54.5,0
2.09,0.535,42.3,0
4.66,0.133,22.6,0
0.85,0.386,59.6,0
3.35,0.19,63.9,0
1.21,0.142,35.4,0
1.2,0.222,82.1,0
1.46,0.395,52.9,0
1.99,0.492,117.3,0
2.61,0.201,34.4,0
3.07,0.061,27.2,0
4.78,0.119,39.6,0
2.05,0.598,105.5,1
0.76,0.172,71.7,0
0.65,0.34,110.1,0
3.29,0.072,87.6,0
1.95,0.342,1.9,0
4.5,0.071,42.7,0
1.64,0.187,81.5,0
0.53,0.158,31.4,0
4.31,0.163,63.9,0
0.57,0.433,69.1,0
2.71,0.064,87.5,0
4.07,0.447,33.5,1
0.6,0.194,94.3,0
2.88,0.284,111.3,0
1.48,0.475,90.9,0
2.31,0.406,105.2,0
2.53,0.434,40.9,0
1.55,0.158,73.5,0
1.96,0.197,56.8,0
2.66,0.239,35.2,0
1.55,0.249,37.9,0
0.64,0.335,15.5,0
1.72,0.116,64.2,0
4.35,0.407,3.4,1
0.96,0.301,71.8,0
1.59,0.399,92.8,0
2.57,0.404,92.5,0
1.01,0.472,83.1,0
1.17,0.349,119.4,0
1.51,0.21,11.6,0
0.74,0.443,110.2,0
2.22,0.42,2.0,0
0.82,0.399,76.9,0
3.83,0.53,10.3,1
1.38,0.552,10.2,0
1.99,0.546,26.5,0
1.58,0.104,55.8,0
2.16,0.2,101.6,0
1.2,0.154,20.3,0
0.55,0.318,85.4,0
1.92,0.547,17.8,0
0.85,0.259,47.7,0
4.11,0.094,53.6,0
1.08,0.458,1.2,0
3.54,0.38,103.2,1
2.26,0.063,12.0,0
2.72,0.278,32.9,0
2.03,0.074,51.9,0
3.63,0.236,99.4,0
1.34,0.078,94.6,0
0.7,0.451,73.5,0
2.49,0.485,98.4,1
2.08,0.396,31.0,0
4.71,0.134,78.2,0
0.83,0.46,114.5,0
3.25,0.233,69.7,0
2.75,0.061,54.6,0
4.48,0.052,53.0,0
4.24,0.181,19.5,0
4.6,0.166,64.4,0
1.83,0.057,97.1,0
4.19,0.179,1.7,0
1.98,0.364,6.5,0
2.72,0.177,7.2,0
4.89,0.443,51.4,1
3.67,0.062,102.2,0
2.08,0.246,27.0,0
4.4,0.14,36.6,0
4.39,0.156,65.3,0
1.91,0.251,42.8,0
3.53,0.25,0.8,0
0.88,0.273,91.0,0
1.8,0.231,51.5,0
4.06,0.291,17.0,1
0.76,0.271,76.4,0
4.86,0.432,114.3,1
3.74,0.084,87.2,0
2.52,0.379,88.4,0
1.74,0.572,6.6,0
4.33,0.155,66.5,0
0.94,0.323,40.8,0
2.9,0.066,51.4,0
0.74,0.571,19.1,0
4.61,0.13,17.9,0
4.22,0.19,51.1,0
2.21,0.512,101.4,0
2.32,0.089,105.2,0
4.45,0.524,94.9,1
3.47,0.072,107.0,0
0.88,0.24,104.9,0
1.89,0.104,89.7,0
1.28,0.499,97.6,0
2.65,0.224,22.1,0
1.63,0.453,105.3,0
2.3,0.416,57.3,0
2.25,0.398,5.1,0
1.72,0.35,57.9,0
1.78,0.388,74.8,0
2.23,0.271,48.2,0
3.0,0.358,16.7,0
1.57,0.408,80.7,0
1.1,0.541,67.2,0
2.09,0.389,42.4,0
1.34,0.553,119.0,0
1.84,0.065,13.1,0
1.98,0.437,96.6,0
2.39,0.55,16.2,1
2.97,0.139,50.0,0
4.58,0.108,54.8,0
2.09,0.375,40.6,0
1.55,0.422,117.1,0
2.61,0.184,31.4,0
1.78,0.113,102.4,0
4.97,0.155,67.9,0
1.59,0.219,118.7,0
3.15,0.305,27.5,0
4.4,0.082,45.3,0
2.27,0.261,10.1,0
3.41,0.197,46.6,0
1.9,0.37,99.0,0
0.79,0.574,90.0,0
1.64,0.259,63.3,0
2.38,0.516,21.0,0
0.57,0.592,55.3,0
1.74,0.325,9.9,0
2.51,0.211,25.6,0
1.82,0.329,105.5,0
2.29,0.153,52.9,0
3.42,0.24,82.5,0
3.94,0.066,102.1,0
1.68,0.366,56.1,0
1.55,0.376,56.3,0
2.32,0.425,56.6,0
2.36,0.181,20.3,0
2.59,0.371,45.9,0
2.71,0.099,6.7,0
4.12,0.154,94.1,0
4.51,0.196,39.7,0
2.51,0.054,78.8,0
4.11,0.408,52.6,1
1.26,0.436,13.4,0
3.11,0.076,98.0,0
1.9,0.421,63.4,0
2.35,0.304,25.5,0
1.73,0.252,5.1,0
2.34,0.453,71.4,0
1.02,0.328,0.6,0
3.76,0.195,10.6,0
4.51,0.19,56.4,0
1.73,0.264,80.0,0
2.69,0.248,11.7,0
0.9,0.232,83.0,0
1.34,0.503,42.0,0
2.36,0.557,0.4,0
1.02,0.513,41.2,0
1.55,0.539,25.0,0
0.56,0.244,61.4,0
1.06,0.156,62.7,0
1.38,0.256,60.9,0
2.96,0.306,48.4,0
1.02,0.064,12.0,0
2.34,0.277,78.0,0
1.9,0.312,77.8,0
1.83,0.321,57.5,0
2.56,0.329,28.4,0
2.07,0.41,35.4,0
1.54,0.576,105.6,0
0.8,0.461,12.4,0
1.66,0.179,100.8,0
4.23,0.17,8.0,0
3.24,0.174,59.0,0
0.76,0.144,0.9,0
0.82,0.528,114.2,0
2.32,0.066,118.4,0
1.33,0.238,36.4,0
1.45,0.335,62.0,0
2.32,0.204,21.2,0
1.02,0.487,14.1,0
1.36,0.315,47.3,0
1.75,0.058,78.3,0
0.83,0.079,13.6,0
1.76,0.447,40.1,0
1.62,0.43,38.4,0
1.23,0.179,48.6,0
3.29,0.094,56.6,0
4.36,0.124,23.7,0
1.36,0.118,72.3,0
0.59,0.431,96.0,0
2.22,0.511,2.5,0
4.97,0.088,89.9,0
3.72,0.172,101.0,0
2.96,0.178,79.9,0
2.85,0.219,9.8,0
3.99,0.086,46.1,0
1.58,0.305,59.9,0
0.71,0.396,83.3,0
1.19,0.329,19.2,0
2.51,0.215,52.2,0
0.88,0.397,7.5,0
0.99,0.26,119.1,0
2.54,0.427,101.1,1
0.96,0.103,77.9,0
2.15,0.364,109.8,0
3.97,0.439,12.5,1
0.92,0.549,12.0,0
3.15,0.095,47.7,0
1.1,0.487,69.8,0
0.93,0.47,54.4,0
0.81,0.523,25.4,0
0.66,0.515,28.0,0
3.25,0.098,38.6,0
1.98,0.239,96.9,0
3.18,0.161,23.7,0
3.09,0.201,7.8,0
2.38,0.366,11.0,0
2.71,0.355,5.2,0
3.69,0.226,46.5,0
2.71,0.056,11.3,0
0.6,0.269,104.1,0
1.62,0.226,74.0,0
2.02,0.171,117.4,0
1.2,0.247,68.4,0
1.98,0.338,8.5,0
2.22,0.11,50.7,0
0.95,0.315,6.1,0
1.48,0.226,113.9,0
4.4,0.067,79.4,0
1.99,0.6,29.0,0
0.72,0.354,98.2,0
1.53,0.285,75.2,0
2.1,0.245,24.8,0
1.03,0.456,0.8,0
0.55,0.45,28.5,0
1.28,0.563,25.5,0
3.78,0.058,92.1,0
2.17,0.356,54.6,0
0.99,0.573,74.9,0
2.41,0.14,9.7,0
3.89,0.206,87.4,0
3.54,0.231,51.9,0
3.46,0.103,74.3,0
1.13,0.406,26.8,0
0.61,0.218,47.5,0
1.47,0.087,81.1,0
3.59,0.164,31.5,0
0.86,0.375,40.5,0
1.88,0.134,13.6,0
4.28,0.197,16.3,0
4.89,0.201,27.0,1
2.19,0.515,0.5,0
3.6,0.26,3.4,0
1.28,0.309,34.7,0
3.25,0.264,10.6,0
4.78,0.144,32.3,0
1.66,0.159,31.4,0
1.12,0.166,58.8,0
2.87,0.129,100.6,0
1.32,0.593,15.5,0
2.5,0.147,85.0,0
0.57,0.225,114.7,0
0.64,0.573,111.8,0
2.0,0.551,92.8,0
1.14,0.114,115.3,0
0.79,0.374,55.5,0
3.34,0.21,96.7,0
1.54,0.583,28.3,0
1.04,0.249,34.6,0
1.42,0.387,69.5,0
3.62,0.151,66.0,0
1.67,0.148,63.9,0
0.69,0.142,85.1,0
3.35,0.144,92.9,0
1.07,0.267,94.8,0
4.84,0.09,75.3,0
2.25,0.22,0.3,0
4.22,0.48,15.0,1
1.09,0.439,48.1,0
1.3,0.395,112.2,0
2.33,0.166,101.9,0
3.91,0.15,64.5,0
3.14,0.218,117.9,0
1.97,0.119,72.9,0
3.25,0.2,86.0,0
2.0,0.122,43.2,0
2.7,0.178,57.2,0
0.52,0.194,43.5,0
4.11,0.234,101.5,1
2.71,0.326,92.3,0
2.35,0.451,14.8,0
2.74,0.104,71.2,0
4.15,0.118,95.1,0
3.5,0.579,107.4,1
2.22,0.086,115.5,0
2.34,0.256,115.0,0
1.98,0.354,49.1,0
0.69,0.062,67.3,0
2.37,0.403,69.4,0
3.52,0.077,72.3,0
2.52,0.219,26.5,0
0.97,0.284,94.4,0
1.09,0.319,47.3,0
3.22,0.074,43.0,0
4.05,0.105,12.3,0
4.84,0.1,93.7,0
1.51,0.451,10.3,0
2.57,0.326,64.1,0
1.79,0.226,31.3,0
2.57,0.129,24.1,0
3.6,0.09,50.0,0
2.36,0.47,116.6,0
3.56,0.108,39.9,0
1.41,0.255,1.5,0
1.48,0.583,101.9,0
2.68,0.329,42.3,0
2.94,0.233,53.6,0
0.76,0.185,90.8,0
0.58,0.294,7.1,0
2.62,0.335,31.5,0
1.23,0.457,82.3,0
1.92,0.509,68.0,0
1.76,0.312,107.8,0
1.32,0.458,19.8,0
1.34,0.119,83.1,0
1.69,0.232,74.5,0
4.49,0.179,23.2,0
3.63,0.225,38.6,0
1.73,0.373,67.6,0
3.85,0.211,5.2,0
0.88,0.097,50.4,0
0.74,0.306,22.8,0
1.14,0.482,73.5,0
2.07,0.314,104.2,0
0.83,0.528,86.1,0
2.07,0.412,114.7,0
3.1,0.333,59.4,0
2.12,0.427,103.3,0
1.19,0.108,52.1,0
1.68,0.428,115.4,0
1.9,0.475,43.8,0
0.88,0.405,105.1,0
0.69,0.367,35.8,0
2.29,0.503,42.5,0
1.74,0.154,60.3,0
1.07,0.278,79.9,0
1.04,0.522,57.4,0
2.16,0.365,75.6,0
3.41,0.105,84.7,0
1.83,0.268,105.8,0
2.34,0.143,78.2,0
2.04,0.379,21.8,0
1.3,0.587,59.2,0
0.62,0.187,20.3,0
1.62,0.359,68.1,0
0.69,0.494,8.2,0
1.34,0.448,29.2,0
0.59,0.096,54.5,0
2.56,0.051,67.0,0
1.29,0.307,15.2,0
0.75,0.093,19.7,0
2.88,0.198,37.8,0
3.52,0.125,96.7,0
0.51,0.164,20.5,0
1.5,0.537,73.5,0
3.71,0.214,12.7,0
2.44,0.183,39.2,0
2.42,0.463,83.4,0
0.67,0.299,4.9,0
2.96,0.413,101.3,1
1.41,0.145,91.2,0
0.62,0.579,16.9,0
2.57,0.052,23.6,0
2.37,0.186,19.1,0
3.26,0.355,47.0,1
2.16,0.39,114.7,0
1.07,0.308,103.4,0
3.75,0.072,98.2,0
1.21,0.255,82.6,0
2.23,0.167,42.7,0
1.01,0.561,38.2,0
3.91,0.209,55.8,0
1.01,0.241,50.7,0
1.58,0.248,38.0,0
1.99,0.571,8.2,0
3.47,0.144,14.8,0
3.23,0.308,33.6,0
2.82,0.341,19.3,0
0.83,0.08,31.5,0
4.38,0.054,66.4,0
1.66,0.229,84.6,0
0.63,0.459,70.1,0
0.71,0.405,81.9,0
1.79,0.405,14.3,0
1.76,0.429,54.1,0
0.64,0.381,64.1,0
1.98,0.237,30.9,0
1.46,0.575,99.3,0
3.34,0.114,54.6,0
4.51,0.266,13.4,1
1.9,0.542,78.0,0
1.96,0.557,98.6,0
2.39,0.407,51.3,0
0.99,0.597,103.3,0
0.75,0.409,76.7,0
1.66,0.583,47.4,0
1.58,0.15,118.2,0
0.53,0.526,68.5,0
1.46,0.152,33.1,0
1.18,0.473,76.1,0
0.84,0.368,23.3,0
2.74,0.216,19.1,0
3.85,0.073,54.2,0
1.28,0.343,58.7,0
3.36,0.072,51.2,0
3.89,0.298,71.8,1
1.07,0.056,71.8,0
0.6,0.306,91.5,0
0.52,0.406,113.5,0
0.77,0.472,44.7,0
3.59,0.173,23.8,0
4.46,0.366,30.5,1
4.31,0.117,40.9,0
2.46,0.183,53.2,0
2.6,0.051,36.5,0
1.31,0.395,61.4,0
2.38,0.28,19.5,0
0.8,0.306,83.8,0
1.9,0.313,77.9,0
1.86,0.4,32.6,0
0.7,0.127,85.6,0
3.27,0.092,36.3,0
1.76,0.6,56.0,0
0.81,0.124,45.6,0
3.23,0.541,15.2,1
1.4,0.398,15.1,0
1.06,0.391,102.3,0
3.02,0.213,81.7,0
1.69,0.562,3.4,0
4.59,0.087,30.5,0
1.61,0.239,22.9,0
1.48,0.577,15.5,0
2.86,0.117,9.3,0
1.48,0.591,70.5,0
1.24,0.139,101.2,0
1.11,0.152,87.2,0
1.1,0.194,36.8,0
2.17,0.282,45.1,0
0.61,0.553,69.0,0
2.78,0.262,5.7,0
1.44,0.123,51.4,0
1.59,0.321,107.0,0
2.56,0.315,20.5,0
3.91,0.071,93.5,0
4.05,0.061,97.9,0
2.13,0.205,62.3,0
1.01,0.514,8.2,0
2.84,0.411,78.1,1
0.72,0.24,1.9,0
0.96,0.221,57.5,0
2.17,0.137,118.0,0
1.62,0.288,72.0,0
2.7,0.324,56.7,0
1.77,0.489,35.8,0
2.54,0.419,6.3,0
2.96,0.282,45.6,0
0.94,0.377,110.2,0
2.14,0.363,25.2,0
3.89,0.156,64.9,0
1.38,0.552,39.8,0
2.4,0.209,61.0,0
2.96,0.433,109.5,1
2.22,0.168,61.1,0
2.47,0.442,32.5,0
0.83,0.376,83.2,0
4.3,0.216,40.0,0
1.19,0.226,63.0,0
2.07,0.579,15.1,0
1.85,0.172,39.1,0
2.06,0.544,37.4,0
2.09,0.101,99.2,0
2.84,0.159,87.6,0
3.54,0.154,15.5,0
0.95,0.263,6.5,0
1.66,0.279,98.0,0
3.11,0.089,11.2,0
1.4,0.055,45.5,0
2.31,0.196,113.9,0
4.19,0.307,93.4,1
2.25,0.494,85.3,0
1.39,0.451,54.6,0
2.54,0.334,16.4,0
1.42,0.115,48.6,0
1.73,0.599,70.5,0
3.47,0.24,42.3,0
3.31,0.071,67.6,0
1.77,0.24,10.1,0
0.74,0.15,69.5,0
1.26,0.087,74.4,0
3.7,0.121,18.1,0
2.14,0.155,97.7,0
4.66,0.086,79.7,0
4.67,0.193,49.5,0
3.58,0.171,72.0,0
1.41,0.528,67.1,0
4.82,0.576,60.4,1
0.76,0.462,67.2,0
1.69,0.342,59.9,0
3.53,0.089,53.4,0
2.3,0.339,94.6,0
1.6,0.554,76.6,0
4.56,0.072,25.7,0
4.71,0.215,101.1,1
4.94,0.132,73.8,0
2.49,0.339,80.1,0
1.42,0.28,13.4,0
2.46,0.357,27.2,0
4.17,0.129,84.7,0
2.4,0.168,53.8,0
1.08,0.488,44.8,0
1.62,0.223,67.4,0
2.59,0.348,103.4,0
2.36,0.427,113.4,0
1.41,0.156,81.1,0
1.34,0.415,88.1,0
3.2,0.231,11.2,0
3.53,0.285,17.8,0
2.63,0.266,112.1,0
0.91,0.101,73.1,0
4.01,0.221,48.7,0
2.28,0.322,71.1,0
2.85,0.068,50.7,0
2.26,0.418,9.1,0
2.5,0.222,42.6,0
1.64,0.552,21.5,0
2.38,0.325,77.2,0
0.85,0.473,41.7,0
3.34,0.222,107.1,0
1.87,0.18,112.3,0
4.33,0.204,20.8,0
2.52,0.265,65.5,0
2.19,0.325,38.5,0
1.47,0.14,1.5,0
2.02,0.38,45.9,0
3.88,0.085,98.7,0
0.98,0.519,39.8,0
4.12,0.23,10.4,0
2.94,0.085,97.5,0
0.52,0.334,72.8,0
1.02,0.164,53.7,0
0.62,0.377,55.9,0
2.55,0.293,65.0,0
1.31,0.559,9.5,0
2.79,0.056,55.7,0
2.57,0.072,75.3,0
0.77,0.361,19.8,0
4.63,0.135,31.1,0
2.03,0.324,67.1,0
1.01,0.193,81.2,0
4.07,0.075,0.4,0
3.08,0.069,89.8,0
2.9,0.326,19.6,0
2.62,0.092,2.5,0
2.65,0.125,80.2,0
1.19,0.356,98.3,0
3.68,0.097,35.6,0
2.11,0.266,95.7,0
1.02,0.438,79.6,0
2.36,0.464,9.3,0
1.74,0.575,20.3,0
3.02,0.131,10.5,0
4.55,0.1,74.2,0
2.8,0.115,43.5,0
1.76,0.249,19.8,0
2.54,0.205,58.2,0
2.27,0.063,94.6,0
1.93,0.238,42.1,0
2.27,0.094,0.3,0
2.2,0.379,108.6,0
2.04,0.588,17.4,0
1.8,0.479,62.7,0
0.68,0.236,87.3,0
0.53,0.18,0.3,0
1.24,0.464,14.3,0
4.15,0.228,55.1,1
2.84,0.276,19.4,0
4.89,0.092,52.5,0
1.88,0.535,68.8,0
1.06,0.36,23.3,0
2.16,0.17,98.8,0
4.32,0.278,25.7,1
2.99,0.125,18.1,0
1.59,0.433,2.1,0
3.79,0.061,41.4,0
1.97,0.408,14.1,0
2.2,0.068,8.2,0
2.67,0.326,117.3,0
2.14,0.158,70.3,0
1.15,0.417,26.7,0
1.63,0.136,61.9,0
1.17,0.062,30.2,0
1.69,0.26,76.2,0
4.22,0.32,62.7,1
3.1,0.291,72.3,0
1.22,0.164,70.7,0
1.7,0.412,10.3,0
1.76,0.255,89.1,0
0.78,0.162,78.6,0
2.67,0.101,72.4,0
1.88,0.345,84.8,0
2.96,0.122,47.4,0
2.13,0.257,46.7,0
2.6,0.363,30.9,0
2.97,0.209,85.7,0
3.53,0.086,65.2,0
4.95,0.051,42.6,0
2.7,0.129,54.5,0
1.14,0.196,6.5,0
3.12,0.183,7.4,0
2.39,0.556,85.5,1
1.07,0.536,23.5,0
1.49,0.269,12.8,0
0.69,0.59,117.7,0
4.72,0.113,9.1,0
0.93,0.16,41.7,0
1.05,0.563,27.6,0
1.06,0.243,99.7,0
1.76,0.251,82.4,0
2.23,0.34,95.5,0
2.58,0.369,10.9,0
2.41,0.538,8.0,0
0.93,0.322,114.9,0
3.65,0.219,115.0,0
2.2,0.354,37.9,0
1.29,0.317,3.7,0
1.38,0.322,75.4,0
4.1,0.11,105.1,0
2.42,0.569,3.9,0
2.25,0.061,59.1,0
0.84,0.514,102.0,0
0.5,0.433,51.7,0
0.72,0.573,73.3,0
3.89,0.053,40.5,0
2.12,0.231,0.5,0
2.46,0.286,34.7,0
1.39,0.464,100.0,0
0.72,0.353,0.5,0
4.16,0.422,107.0,1
0.85,0.547,104.9,0
1.86,0.537,103.0,0
1.69,0.432,27.5,0
3.2,0.365,24.9,1
4.43,0.276,10.2,1
2.95,0.302,29.6,0
1.48,0.124,80.4,0
4.82,0.133,26.6,0
3.64,0.08,9.1,0
1.67,0.395,32.4,0
2.78,0.288,41.3,0
0.67,0.36,1.1,0
4.16,0.223,59.6,0
2.05,0.479,55.4,0
0.76,0.497,17.3,0
0.53,0.541,51.8,0
2.92,0.542,56.0,1
1.33,0.411,106.4,0
0.69,0.119,26.4,0
2.53,0.366,28.1,0
0.69,0.438,48.8,0
3.99,0.239,45.7,1
4.78,0.132,50.2,0
1.6,0.093,7.2,0
2.45,0.304,50.5,0
2.08,0.254,54.4,0
3.25,0.248,71.0,0
3.65,0.226,3.4,0
1.17,0.076,97.2,0
3.09,0.155,100.2,0
3.56,0.082,107.0,0
0.55,0.531,94.7,0
1.92,0.083,72.2,0
4.29,0.087,64.2,0
1.41,0.327,30.1,0
1.49,0.087,49.4,0
0.79,0.291,78.4,0
1.99,0.08,93.4,0
1.46,0.199,61.7,0
4.5,0.236,2.0,0
1.68,0.231,68.9,0
3.45,0.22,18.0,0
2.51,0.123,45.9,0
0.98,0.521,6.2,0
1.82,0.38,109.8,0
3.78,0.209,99.8,0
1.18,0.497,77.8,0
2.2,0.418,6.9,0
3.47,0.29,28.6,0
3.11,0.135,71.0,0
3.05,0.291,117.8,0
3.2,0.062,21.4,0
3.89,0.081,92.8,0
1.37,0.236,66.6,0
1.39,0.301,93.7,0
0.73,0.485,21.7,0
2.64,0.088,1.1,0
2.61,0.164,21.8,0
2.62,0.412,49.1,0
4.19,0.208,53.7,0
2.04,0.444,103.5,0
4.54,0.135,105.9,0
1.12,0.135,86.3,0
3.13,0.32,51.0,0
2.04,0.288,67.0,0
1.35,0.386,70.2,0
0.77,0.494,28.4,0
0.96,0.257,17.7,0
1.45,0.481,119.1,0
3.68,0.094,42.1,0
1.13,0.536,95.3,0
1.52,0.479,10.8,0
3.47,0.436,86.3,1
4.67,0.122,50.3,0
1.45,0.167,32.9,0
1.02,0.465,117.2,0
3.08,0.307,108.0,0
2.91,0.338,5.8,0
3.15,0.112,16.1,0
3.03,0.201,52.2,0
0.85,0.451,69.9,0
1.67,0.298,28.4,0
2.02,0.59,4.9,0
4.85,0.052,114.8,0
0.81,0.083,73.3,0
1.04,0.155,30.1,0
2.34,0.263,51.3,0
2.2,0.361,86.7,0
1.61,0.161,45.5,0
0.89,0.096,6.2,0
0.69,0.221,55.6,0
3.03,0.541,5.5,1
1.54,0.589,56.3,0
2.48,0.108,25.5,0
1.4,0.228,43.8,0
3.39,0.171,20.5,0
2.14,0.387,106.7,0
2.38,0.422,59.7,0
4.85,0.089,32.9,0
1.82,0.092,103.0,0
2.67,0.097,3.9,0
1.84,0.578,110.9,0
1.46,0.104,60.0,0
4.82,0.123,84.9,0
1.12,0.096,81.2,0
0.83,0.122,85.0,0
1.07,0.218,96.8,0
1.17,0.168,28.2,0
3.6,0.154,105.5,0
1.85,0.142,69.5,0
2.37,0.129,8.8,0
4.94,0.385,8.8,1
3.0,0.308,26.9,0
0.52,0.348,82.4,0
1.23,0.05,81.9,0
0.92,0.345,82.6,0
1.42,0.285,71.0,0
3.65,0.195,89.3,0
0.92,0.223,11.7,0
1.93,0.542,11.9,0
0.75,0.258,4.2,0
2.79,0.17,50.8,0
2.94,0.245,64.2,0
4.95,0.245,82.1,1
1.99,0.3,19.3,0
3.38,0.128,86.2,0
2.17,0.482,67.0,0
0.53,0.137,22.2,0
2.48,0.068,73.7,0
0.85,0.496,98.7,0
3.22,0.071,53.2,0
3.86,0.199,114.5,0
1.0,0.418,97.4,0
1.72,0.101,63.8,0
2.49,0.387,86.4,0
0.86,0.512,51.0,0
2.14,0.325,99.4,0
2.4,0.07,59.7,0
1.05,0.515,67.2,0
0.84,0.168,45.1,0
2.33,0.413,104.4,0
3.47,0.471,56.6,1
1.08,0.395,83.9,0
0.6,0.229,37.5,0
2.14,0.454,35.4,0
2.47,0.309,40.8,0
1.67,0.433,68.5,0
1.06,0.094,105.6,0
2.04,0.274,62.5,0
4.51,0.174,31.6,0
4.91,0.104,98.2,0
2.83,0.337,98.8,0
2.61,0.269,80.8,0
1.26,0.358,114.4,0
1.97,0.519,76.4,0
0.69,0.192,33.9,0
0.73,0.072,36.2,0
1.48,0.582,118.8,0
2.31,0.371,72.5,0
2.97,0.136,77.8,0
2.0,0.269,73.0,0
0.54,0.45,17.6,0
3.48,0.133,24.4,0
1.65,0.263,41.4,0
0.54,0.132,63.0,0
1.38,0.261,110.8,0
2.24,0.293,35.0,0
2.9,0.132,6.1,0
3.46,0.206,78.7,0
1.78,0.465,13.3,0
2.85,0.237,65.6,0
3.55,0.208,95.6,0
1.74,0.344,12.3,0
2.59,0.383,111.6,0
1.43,0.467,88.3,0
1.83,0.066,20.9,0
2.19,0.199,83.6,0
1.19,0.301,78.2,0
2.8,0.066,116.6,0
2.08,0.582,0.4,0
2.64,0.254,99.2,0
1.27,0.137,90.9,0
3.26,0.07,28.7,0
2.97,0.277,113.0,0
2.97,0.213,74.6,0
3.86,0.425,56.6,1
0.74,0.587,70.8,0
1.29,0.358,106.6,0
2.52,0.242,110.6,0
0.77,0.219,16.5,0
0.75,0.47,13.6,0
1.45,0.335,77.5,0
2.07,0.504,35.4,0
1.99,0.099,100.1,0
1.6,0.36,24.0,0
1.96,0.251,77.9,0
1.57,0.518,36.4,0
3.99,0.111,22.6,0
1.05,0.149,68.9,0
3.41,0.464,96.2,1
2.82,0.207,107.0,0
1.22,0.551,76.6,0
3.04,0.142,7.2,0
1.33,0.584,116.5,0
2.43,0.187,49.6,0
0.82,0.436,114.3,0
2.49,0.465,41.7,0
1.73,0.204,114.1,0
1.78,0.451,45.5,0
2.11,0.525,26.6,0
1.7,0.547,93.5,0
1.3,0.542,110.9,0
3.8,0.093,44.2,0
3.43,0.074,9.1,0
0.76,0.077,70.9,0
1.46,0.229,41.3,0
1.73,0.434,66.9,0
3.0,0.081,30.9,0
1.75,0.252,74.7,0
2.25,0.095,73.8,0
1.97,0.5,11.5,0
1.58,0.093,36.3,0
4.13,0.148,112.3,0
3.82,0.203,4.0,0
0.83,0.437,105.6,0
4.19,0.168,100.2,0
0.93,0.426,90.6,0
3.13,0.079,96.3,0
3.68,0.186,96.4,0
1.58,0.462,117.6,0
1.34,0.238,13.8,0
4.19,0.138,56.9,0
0.54,0.551,34.5,0
2.45,0.194,104.1,0
3.51,0.197,59.1,0
3.99,0.072,27.0,0
4.28,0.116,2.0,0
1.68,0.263,36.3,0
2.13,0.337,7.6,0
2.25,0.151,94.6,0
1.64,0.432,39.5,0
0.77,0.425,38.2,0
3.88,0.328,71.1,1
2.76,0.154,32.1,0
0.6,0.245,86.5,0
0.74,0.268,34.0,0
1.58,0.169,73.8,0
1.21,0.162,112.5,0
2.4,0.332,105.8,0
1.64,0.125,24.2,0
3.45,0.085,74.5,0
3.24,0.238,104.9,0
3.02,0.335,53.8,0
2.12,0.523,118.4,0
1.67,0.493,44.3,0
0.81,0.263,117.6,0
3.01,0.121,90.7,0
3.29,0.413,52.6,1
4.42,0.142,119.7,0
1.02,0.206,94.1,0
1.27,0.4,6.5,0
1.42,0.353,8.9,0
2.15,0.451,22.0,0
2.32,0.411,13.0,0
0.96,0.088,109.3,0
2.55,0.318,39.0,0
0.81,0.286,89.7,0
1.58,0.118,101.4,0
3.4,0.102,16.9,0
1.77,0.225,33.4,0
1.92,0.154,85.6,0
1.56,0.366,21.9,0
3.56,0.113,2.9,0
1.7,0.426,16.3,0
0.51,0.279,13.7,0
2.17,0.567,82.2,0
3.14,0.166,33.0,0
1.49,0.562,8.7,0
3.75,0.076,105.8,0
3.09,0.227,74.7,0
1.35,0.15,77.8,0
1.75,0.272,118.4,0
2.03,0.134,9.2,0
4.48,0.058,9.9,0
0.76,0.392,48.1,0
2.73,0.089,52.0,0
3.23,0.552,73.3,1
0.97,0.343,92.3,0
2.39,0.445,73.9,0
3.64,0.084,26.3,0
1.21,0.546,55.2,0
3.39,0.251,7.0,0
0.97,0.129,40.1,0
2.8,0.504,75.3,1
3.81,0.479,19.0,1
2.7,0.357,41.7,0
3.83,0.228,14.5,0
0.64,0.093,97.6,0
1.79,0.227,80.6,0
1.38,0.214,33.6,0
3.34,0.213,106.7,0
0.75,0.341,5.8,0
4.69,0.087,84.5,0
2.64,0.333,40.0,0
2.47,0.171,87.2,0
4.92,0.281,0.1,1
0.95,0.538,105.6,0
1.56,0.345,13.8,0
2.47,0.109,119.9,0
1.1,0.172,114.9,0
2.58,0.403,81.4,1
0.75,0.496,64.1,0
1.88,0.486,25.0,0
1.06,0.163,104.8,0
1.27,0.542,54.0,0
0.75,0.188,44.5,0
0.53,0.139,94.8,0
0.97,0.56,88.1,0
1.64,0.425,46.3,0
4.31,0.104,32.4,0
2.16,0.343,115.9,0
2.17,0.151,95.0,0
3.25,0.219,30.9,0
1.91,0.328,87.1,0
0.7,0.098,86.3,0
0.72,0.05,54.1,0
1.3,0.207,110.3,0
1.73,0.166,59.5,0
4.06,0.175,11.0,0
3.38,0.104,85.7,0
1.58,0.086,67.4,0
4.96,0.058,52.2,0
1.55,0.353,40.3,0
1.1,0.12,109.2,0
1.03,0.55,8.4,0
1.32,0.446,8.0,0
0.61,0.461,89.5,0
2.33,0.333,69.4,0
1.25,0.353,64.1,0
1.63,0.279,14.6,0
2.04,0.14,46.3,0
1.94,0.125,25.8,0
4.06,0.063,119.8,0
1.6,0.099,4.4,0
1.22,0.099,34.4,0
4.9,0.059,115.5,0
4.61,0.167,78.1,0
3.02,0.135,65.1,0
1.12,0.323,0.3,0
1.88,0.242,54.1,0
1.06,0.193,71.2,0
2.19,0.442,21.6,0
1.26,0.118,115.0,0
2.02,0.364,17.5,0
3.36,0.29,52.2,0
0.62,0.171,66.8,0
2.9,0.209,70.9,0
2.26,0.145,48.0,0
1.68,0.153,84.3,0
2.58,0.461,101.8,0
0.63,0.114,18.4,0
0.6,0.381,13.6,0
1.39,0.48,100.8,0
1.58,0.324,23.3,0
3.28,0.531,44.9,1
1.94,0.16,92.0,0
3.53,0.091,85.8,0
2.82,0.074,91.7,0
3.08,0.201,106.3,0
1.17,0.145,95.0,0
1.84,0.452,96.7,0
3.64,0.144,91.5,0
2.7,0.41,11.8,0
3.37,0.061,43.3,0
3.17,0.066,110.7,0
3.16,0.373,56.2,0
1.07,0.08,14.5,0
1.03,0.319,68.3,0
4.72,0.195,70.1,0
2.17,0.26,117.0,0
4.59,0.181,53.2,0
3.21,0.194,80.4,0
4.02,0.188,13.1,0
4.52,0.098,43.9,0
1.25,0.148,0.3,0
1.41,0.58,71.6,0
2.23,0.429,7.8,0
3.76,0.388,67.6,1
3.64,0.051,56.7,0
4.52,0.143,45.5,0
0.59,0.433,80.3,0
3.87,0.105,9.7,0
4.66,0.096,77.0,0
2.14,0.41,60.9,0
2.64,0.438,4.0,0
4.8,0.104,105.6,0
4.59,0.062,25.8,0
1.63,0.257,71.0,0
2.0,0.475,114.3,0
0.58,0.276,85.9,0
3.7,0.099,17.9,0
1.96,0.412,53.8,0
1.66,0.131,114.6,0
3.58,0.456,41.6,1
3.47,0.307,14.8,0
0.85,0.525,59.5,0
1.08,0.26,79.3,0
0.71,0.507,86.5,0
1.43,0.454,74.4,0
0.68,0.455,22.8,0
3.29,0.123,116.4,0
2.68,0.197,80.1,0
4.25,0.109,16.7,0
4.62,0.089,19.0,0
1.47,0.089,97.5,0
2.89,0.149,90.9,0
0.53,0.153,92.3,0
0.57,0.064,79.0,0
1.7,0.076,36.9,0
2.48,0.493,61.7,0
2.34,0.524,27.2,0
0.94,0.353,117.8,0
0.96,0.579,36.2,0
3.62,0.102,81.7,0
1.79,0.352,109.6,0
0.91,0.453,108.2,0
2.71,0.238,14.0,0
0.9,0.068,34.2,0
2.85,0.348,102.2,0
0.81,0.557,104.1,0
4.44,0.196,76.4,1
0.57,0.079,32.9,0
1.71,0.123,42.6,0
3.53,0.173,24.1,0
3.86,0.116,83.9,0
1.2,0.486,47.8,0
4.31,0.073,91.7,0
3.63,0.174,68.1,0
4.93,0.171,115.6,0
0.56,0.548,16.1,0
1.76,0.445,102.4,0
3.05,0.218,82.6,0
1.25,0.228,31.6,0
1.33,0.306,26.4,0
1.53,0.06,23.8,0
3.14,0.344,10.1,0
3.64,0.229,64.4,0
3.0,0.055,119.8,0
1.77,0.36,51.8,0
3.3,0.275,102.1,0
3.81,0.219,21.6,0
2.14,0.054,43.9,0
1.45,0.408,15.9,0
2.66,0.337,39.3,0
4.31,0.153,68.6,0
2.17,0.152,69.9,0
0.86,0.357,100.3,0
1.58,0.506,81.9,0
0.72,0.225,68.4,0
1.08,0.515,81.2,0
2.47,0.308,27.0,0
2.9,0.156,59.0,0
2.51,0.212,74.6,0
2.36,0.349,6.3,0
0.61,0.493,110.9,0
3.15,0.111,33.7,0
3.46,0.096,1.2,0
4.08,0.2,8.6,0
1.75,0.055,16.0,0
1.79,0.537,105.1,0
3.84,0.312,116.4,1
1.72,0.088,45.1,0
1.7,0.422,8.8,0
1.0,0.553,116.7,0
0.79,0.244,11.8,0
1.26,0.375,92.5,0
2.07,0.395,114.4,0
3.52,0.175,88.5,0
2.22,0.429,10.9,0
0.87,0.485,84.7,0
1.1,0.16,117.8,0
1.38,0.578,21.6,0
2.26,0.223,23.3,0
0.53,0.27,42.3,0
4.84,0.082,6.2,0
0.78,0.579,60.7,0
2.62,0.144,56.1,0
1.37,0.213,64.3,0
2.15,0.164,110.2,0
3.05,0.147,48.0,0
2.07,0.075,76.2,0
4.76,0.128,78.5,0
4.91,0.157,38.4,0
1.29,0.515,2.5,0
1.13,0.386,85.6,0
1.1,0.548,107.7,0
4.44,0.344,78.5,1
1.93,0.057,67.3,0
0.74,0.268,88.6,0
3.73,0.298,5.0,0
0.78,0.41,32.3,0
1.79,0.407,62.4,0
1.82,0.583,93.0,0
4.45,0.12,21.3,0
2.52,0.094,102.5,0
1.6,0.122,116.5,0
2.36,0.244,15.8,0
3.22,0.416,70.4,1
3.25,0.236,76.6,0
1.14,0.13,24.1,0
1.9,0.43,98.8,0
2.02,0.184,111.1,0
2.5,0.138,42.4,0
2.04,0.501,60.3,0
2.34,0.235,101.2,0
2.38,0.321,118.5,0
0.78,0.431,92.4,0
1.1,0.191,83.5,0
1.48,0.57,24.7,0
0.61,0.573,87.1,0
3.21,0.239,66.0,0
0.99,0.484,113.8,0
2.02,0.314,110.3,0
3.85,0.131,63.1,0
0.83,0.247,9.3,0
4.38,0.207,65.1,0
1.32,0.386,69.1,0
2.1,0.054,1.4,0
1.98,0.312,33.1,0
1.55,0.2,103.3,0
2.06,0.169,58.8,0
2.13,0.201,67.3,0
0.84,0.423,99.9,0
1.75,0.212,105.4,0
2.45,0.109,113.3,0
3.24,0.098,37.3,0
3.85,0.183,22.6,0
1.27,0.456,49.4,0
3.85,0.138,63.6,0
0.99,0.511,58.7,0
0.98,0.05,102.7,0
2.68,0.257,6.8,0
2.03,0.299,90.6,0
1.29,0.4,101.8,0
1.77,0.091,0.7,0
3.95,0.08,112.2,0
2.06,0.131,84.4,0
0.71,0.129,51.5,0
4.24,0.158,50.4,0
3.51,0.202,5.1,0
0.53,0.192,67.0,0
1.12,0.408,100.3,0
1.59,0.28,0.7,0
3.92,0.178,77.9,0
1.44,0.071,119.9,0
2.69,0.104,64.8,0
3.28,0.542,32.8,1
0.74,0.564,38.4,0
2.1,0.053,101.3,0
1.93,0.483,30.5,0
1.59,0.567,61.6,0
4.76,0.091,96.0,0
3.03,0.239,66.6,0
0.89,0.164,7.4,0
1.42,0.091,88.8,0
2.2,0.128,44.3,0
0.7,0.299,62.8,0
0.86,0.35,28.4,0
1.86,0.056,47.5,0
1.36,0.199,54.5,0
4.29,0.071,68.7,0
3.63,0.095,93.1,0
0.72,0.337,101.4,0
3.29,0.167,93.1,0
0.51,0.072,19.9,0
2.28,0.103,82.2,0
2.47,0.088,19.3,0
0.54,0.16,28.9,0
0.62,0.402,18.7,0
1.73,0.178,50.2,0
3.04,0.107,49.5,0
3.67,0.066,70.9,0
2.65,0.231,84.9,0
4.39,0.05,29.1,0
4.77,0.139,56.9,0
4.27,0.154,80.9,0
2.1,0.451,72.7,0
1.68,0.488,63.1,0
1.42,0.456,23.6,0
1.97,0.277,74.6,0
2.58,0.468,86.6,0
2.09,0.397,9.6,0
0.54,0.154,43.2,0
2.64,0.142,17.1,0
2.65,0.199,106.7,0
1.26,0.578,102.4,0
3.09,0.079,109.2,0
2.25,0.094,5.2,0
3.75,0.213,25.9,0
0.88,0.368,54.8,0
2.15,0.198,37.7,0
3.45,0.364,53.2,1
1.76,0.495,39.0,0
0.8,0.22,100.5,0
1.96,0.362,28.3,0
4.03,0.063,92.8,0
2.84,0.085,100.0,0
3.48,0.131,25.3,0
3.1,0.524,32.4,1
0.55,0.433,1.2,0
0.72,0.568,20.5,0
2.55,0.241,76.6,0
3.93,0.121,65.5,0
0.88,0.48,87.8,0
0.84,0.287,9.6,0
4.33,0.062,24.9,0
4.88,0.131,115.9,0
1.95,0.137,9.5,0
3.22,0.245,9.9,0
2.54,0.187,39.2,0
1.87,0.592,1.9,0
1.59,0.426,100.0,0
2.21,0.218,36.8,0
0.89,0.37,88.4,0
2.7,0.379,45.7,0
0.73,0.519,7.8,0
3.88,0.12,3.5,0
3.24,0.208,6.2,0
1.61,0.294,19.6,0
0.62,0.526,106.8,0
1.96,0.17,9.7,0
2.59,0.392,71.9,0
3.38,0.13,16.8,0
1.15,0.075,74.6,0
2.3,0.387,1.4,0
0.56,0.342,62.0,0
1.5,0.089,72.9,0
1.07,0.367,89.7,0
2.26,0.464,95.3,0
1.6,0.149,41.8,0
1.99,0.347,39.0,0
0.5,0.355,5.7,0
1.63,0.135,98.5,0
0.88,0.122,20.2,0
2.82,0.128,18.5,0
2.6,0.329,70.7,0
0.83,0.585,33.6,0
3.46,0.094,84.5,0
4.32,0.11,120.0,0
2.64,0.333,2.7,0
0.57,0.389,44.5,0
1.84,0.495,106.4,0
4.05,0.171,52.1,0
2.55,0.352,1.7,0
1.44,0.526,111.1,0
0.81,0.377,36.9,0
0.93,0.384,29.6,0
0.76,0.13,102.0,0
2.73,0.166,107.9,0
1.01,0.577,8.0,0
0.76,0.28,63.7,0
0.83,0.464,22.8,0
2.09,0.525,10.1,0
2.35,0.334,47.8,0
0.78,0.477,7.5,0
0.73,0.202,3.5,0
2.13,0.077,101.2,0
4.33,0.081,69.7,0
2.39,0.419,36.6,0
1.66,0.543,3.1,0
2.22,0.324,119.6,0
1.71,0.4,102.4,0
0.91,0.458,44.5,0
1.91,0.378,108.9,0
1.09,0.292,103.0,0
2.21,0.387,96.2,0
4.44,0.058,117.4,0
2.08,0.281,90.8,0
2.09,0.475,52.2,0
0.67,0.085,52.7,0
3.26,0.255,84.8,0
3.49,0.138,112.3,0
0.62,0.524,1.8,0
1.49,0.264,31.1,0
2.27,0.277,37.2,0
1.94,0.212,57.1,0
2.83,0.179,110.8,0
2.48,0.41,44.6,0
2.53,0.188,3.6,0
1.17,0.397,10.2,0
3.12,0.211,106.3,0
1.41,0.162,24.2,0
1.66,0.188,63.2,0
2.01,0.119,8.6,0
4.4,0.433,86.6,1
3.24,0.23,78.3,0
2.46,0.148,1.6,0
0.59,0.469,40.2,0
2.65,0.402,71.5,0
3.3,0.089,98.5,0
0.51,0.399,53.0,0
1.57,0.437,110.9,0
4.64,0.071,43.8,0
2.69,0.362,12.8,0
2.97,0.21,61.9,0
3.87,0.495,53.6,1
2.31,0.316,87.0,0
2.63,0.244,42.5,0
0.65,0.277,9.8,0
1.46,0.322,52.7,0
1.05,0.333,72.6,0
2.02,0.223,114.1,0
2.34,0.286,96.6,0
3.17,0.308,0.6,0
2.71,0.476,41.7,1
2.07,0.316,95.5,0
0.98,0.228,84.4,0
2.18,0.084,82.8,0
1.59,0.437,117.4,0
3.61,0.125,3.5,0
0.73,0.278,83.1,0
3.53,0.265,11.9,0
3.61,0.23,84.5,0
3.4,0.264,6.5,0
0.82,0.372,41.8,0
1.02,0.056,75.3,0
1.52,0.368,77.2,0
0.59,0.404,46.8,0
1.29,0.057,3.1,0
3.72,0.085,73.2,0
0.74,0.45,102.6,0
1.09,0.512,41.3,0
2.93,0.175,115.5,0
0.91,0.106,54.1,0
2.97,0.315,33.5,0
2.82,0.081,7.3,0
1.09,0.074,116.5,0
2.2,0.4,25.4,0
2.75,0.062,117.2,0
2.32,0.08,117.6,0
3.68,0.161,67.0,0
1.35,0.418,97.2,0
2.45,0.305,77.2,0
4.69,0.094,80.9,0
0.51,0.546,97.9,0
3.14,0.157,69.5,0
1.35,0.562,27.9,0
0.64,0.21,10.8,0
0.87,0.42,27.6,0
1.9,0.542,4.3,0
1.92,0.165,23.6,0
0.79,0.534,98.0,0
3.8,0.223,44.2,0
2.7,0.387,9.9,0
4.43,0.082,115.0,0
2.75,0.361,86.0,0
4.5,0.066,48.5,0
4.48,0.574,12.5,1
0.87,0.335,39.6,0
0.62,0.23,83.6,0
2.38,0.316,30.2,0
4.76,0.068,26.0,0
1.23,0.271,66.4,0
1.14,0.15,66.7,0
2.97,0.232,7.0,0
4.98,0.088,27.1,0
2.91,0.187,70.5,0
2.95,0.41,88.8,1
2.33,0.41,41.9,0
3.44,0.228,23.4,0
2.12,0.353,40.7,0
3.52,0.236,63.5,0
2.9,0.495,33.2,1
3.12,0.186,85.8,0
3.3,0.102,24.1,0
4.86,0.427,88.5,1
1.01,0.278,69.0,0
2.26,0.337,115.9,0
2.11,0.105,61.0,0
2.04,0.196,113.6,0
1.64,0.393,97.1,0
3.32,0.063,35.6,0
2.74,0.243,82.6,0
1.27,0.519,56.2,0
1.79,0.159,10.7,0
1.5,0.088,20.8,0
4.02,0.116,24.3,0
2.34,0.106,114.2,0
0.93,0.33,62.4,0
1.03,0.14,102.2,0
1.05,0.143,8.2,0
4.08,0.085,86.3,0
1.06,0.118,63.9,0
2.45,0.299,56.2,0
2.0,0.426,106.7,0
4.42,0.162,53.8,0
0.61,0.29,51.9,0
1.97,0.504,81.7,0
3.02,0.087,38.7,0
0.79,0.152,106.7,0
1.97,0.216,17.1,0
1.97,0.426,37.8,0
3.94,0.07,119.8,0
3.37,0.103,61.8,0
1.16,0.077,113.4,0
0.76,0.378,3.6,0
1.79,0.162,25.6,0
2.17,0.108,113.5,0
0.91,0.136,13.3,0
3.29,0.145,22.4,0
4.99,0.087,34.7,0
0.66,0.543,101.8,0
1.45,0.077,70.8,0
3.29,0.103,118.0,0
0.95,0.483,83.6,0
0.8,0.179,38.3,0
2.13,0.092,97.0,0
1.94,0.327,34.4,0
0.84,0.111,25.6,0
1.9,0.061,64.6,0
4.27,0.126,30.5,0
1.54,0.536,79.6,0
1.64,0.39,36.2,0
2.49,0.275,64.7,0
1.11,0.594,14.5,0
3.87,0.39,79.8,1
3.73,0.217,27.4,0
2.34,0.43,49.0,0
4.96,0.167,114.8,0
3.01,0.332,51.2,0
0.98,0.452,118.0,0
3.6,0.232,64.8,0
3.85,0.09,22.5,0
3.03,0.234,44.4,0
0.98,0.227,87.4,0
1.1,0.355,47.8,0
4.64,0.163,101.8,0
0.52,0.588,90.8,0
0.53,0.108,43.5,0
3.16,0.317,1.9,0
0.56,0.22,14.0,0
2.4,0.361,20.6,0
3.23,0.263,61.2,0
0.92,0.46,58.7,0
1.47,0.242,111.8,0
1.14,0.271,43.6,0
2.88,0.322,22.8,0
3.39,0.054,17.7,0
1.78,0.315,13.8,0
2.93,0.311,90.8,0
2.88,0.238,63.7,0
3.37,0.057,104.2,0
1.03,0.497,36.7,0
1.82,0.521,43.3,0
0.6,0.054,94.7,0
4.14,0.052,41.6,0
4.76,0.229,81.3,1
1.87,0.257,20.5,0
2.56,0.2,82.4,0
3.94,0.167,96.4,0
2.4,0.109,36.3,0
2.73,0.168,68.5,0
2.83,0.408,95.4,1
1.89,0.486,64.3,0
1.44,0.408,81.3,0
2.52,0.224,92.8,0
2.21,0.183,57.6,0
2.65,0.276,76.8,0
3.91,0.056,0.0,0
0.91,0.08,102.4,0
1.1,0.188,93.4,0
4.9,0.49,105.6,1
0.67,0.475,84.1,0
3.2,0.121,44.3,0
2.91,0.249,103.3,0
2.9,0.322,115.7,0
0.76,0.37,96.6,0
2.72,0.213,90.3,0
1.36,0.063,48.0,0
1.31,0.573,5.0,0
1.07,0.341,110.7,0
3.19,0.159,102.8,0
1.45,0.293,98.2,0
1.03,0.538,89.6,0
2.35,0.156,12.0,0
1.32,0.075,62.7,0
4.31,0.098,77.0,0
2.94,0.417,105.6,1
1.59,0.158,76.5,0
4.11,0.202,22.4,0
1.16,0.462,34.0,0
3.41,0.249,71.7,0
1.34,0.292,55.6,0
3.44,0.26,90.9,0
4.09,0.207,15.6,0
2.86,0.203,117.2,0
1.89,0.293,73.6,0
3.43,0.173,9.9,0
1.72,0.478,83.0,0
2.29,0.445,37.2,0
0.86,0.559,70.6,0
3.17,0.238,8.9,0
3.67,0.106,118.2,0
4.13,0.24,91.6,0
1.09,0.438,116.8,0
1.58,0.59,25.5,0
4.02,0.251,0.2,0
3.26,0.172,42.6,0
1.32,0.565,103.2,0
1.32,0.542,49.3,0
2.31,0.284,93.0,0
4.69,0.093,74.1,0
3.1,0.561,94.3,1
2.27,0.104,16.0,0
0.92,0.547,22.2,0
1.8,0.111,103.4,0
3.3,0.214,33.5,0
2.12,0.386,15.6,0
2.62,0.124,113.4,0
3.11,0.185,110.8,0
4.84,0.156,108.9,0
4.2,0.073,86.9,0
2.63,0.224,17.9,0
3.07,0.302,20.5,0
2.48,0.412,39.3,0
3.16,0.269,34.7,0
1.71,0.447,105.4,0
0.73,0.354,66.6,0
4.32,0.059,72.1,0
0.57,0.28,5.1,0
3.76,0.145,30.9,0
2.42,0.449,18.9,0
3.15,0.227,103.8,0
0.61,0.201,31.7,0
0.68,0.448,89.6,0
2.13,0.144,49.0,0
1.73,0.37,91.1,0
2.41,0.12,58.5,0
1.98,0.084,81.1,0
4.45,0.125,88.6,0
2.28,0.331,117.6,0
1.78,0.472,39.9,0
1.1,0.383,23.4,0
3.31,0.459,112.2,1
0.53,0.569,96.0,0
0.88,0.162,23.5,0
2.6,0.36,18.8,0
1.96,0.411,2.1,0
2.2,0.484,69.4,0
1.56,0.414,6.0,0
1.61,0.09,106.6,0
0.94,0.182,105.3,0
1.17,0.247,49.0,0
3.42,0.209,9.4,0
3.41,0.055,46.2,0
0.89,0.184,6.9,0
3.05,0.085,115.6,0
2.65,0.236,1.6,0
1.15,0.43,117.1,0
2.41,0.237,81.9,0
1.49,0.065,86.1,0
3.14,0.084,76.2,0
0.84,0.159,22.9,0
4.43,0.107,43.3,0
0.7,0.123,42.7,0
1.25,0.483,32.0,0
1.45,0.313,105.1,0
2.18,0.214,47.8,0
2.82,0.067,21.3,0
1.15,0.205,18.8,0
0.62,0.477,30.3,0
3.64,0.14,114.0,0
3.16,0.09,53.9,0
3.33,0.161,66.6,0
1.15,0.095,112.3,0
3.49,0.266,83.0,0
2.23,0.124,52.0,0
1.98,0.422,12.4,0
4.6,0.192,88.3,0
1.48,0.407,102.2,0
0.8,0.181,18.2,0
1.15,0.126,21.6,0
0.7,0.289,78.7,0
4.02,0.124,27.3,0
1.34,0.317,97.7,0
1.3,0.226,96.6,0
2.21,0.507,29.9,0
3.56,0.428,93.9,1
1.33,0.357,87.0,0
3.82,0.051,69.5,0
0.67,0.067,46.7,0
2.73,0.399,107.5,0
2.23,0.071,31.1,0
2.3,0.054,107.0,0
2.0,0.573,51.4,0
0.82,0.159,9.8,0
1.4,0.297,16.6,0
1.93,0.439,103.3,0
0.88,0.499,114.3,0
2.81,0.541,118.1,1
2.59,0.113,4.2,0
2.03,0.307,65.5,0
3.07,0.283,111.0,0
0.59,0.454,95.7,0
3.19,0.259,53.3,0
4.35,0.559,8.9,1
0.91,0.195,75.5,0
1.12,0.143,92.2,0
4.26,0.175,21.4,0
2.63,0.334,14.5,0
2.59,0.308,26.7,0
1.01,0.388,30.4,0
3.87,0.134,101.3,0
2.4,0.3,28.4,0
1.95,0.352,107.4,0
4.73,0.118,41.7,0
2.01,0.202,51.1,0
0.91,0.391,69.5,0
1.09,0.405,22.4,0
0.81,0.399,8.7,0
3.37,0.21,1.1,0
3.88,0.062,95.6,0
0.94,0.143,103.8,0
1.99,0.231,40.6,0
1.95,0.275,99.7,0
4.59,0.372,8.7,1
0.66,0.566,94.8,0
4.31,0.218,37.2,0
0.68,0.428,108.4,0
4.46,0.303,17.1,1
1.17,0.278,89.2,0
2.68,0.151,118.8,0
2.86,0.052,104.1,0
3.56,0.133,104.1,0
1.82,0.149,48.0,0
4.82,0.516,51.8,1
1.53,0.562,9.6,0
1.64,0.148,96.5,0
1.55,0.174,11.6,0
1.62,0.527,26.9,0
0.76,0.076,59.8,0
1.73,0.147,82.6,0
1.6,0.446,99.3,0
2.93,0.166,66.3,0
4.35,0.166,29.5,0
2.86,0.235,106.9,0
0.6,0.55,56.0,0
0.6,0.413,52.6,0
2.22,0.421,60.2,0
0.86,0.308,58.4,0
2.72,0.386,48.0,0
4.12,0.062,0.6,0
2.53,0.161,78.9,0
3.22,0.092,115.2,0
2.25,0.524,62.3,0
3.22,0.152,10.7,0
1.52,0.562,41.1,0
2.87,0.088,8.0,0
3.0,0.301,98.6,0
1.64,0.187,35.1,0
4.23,0.061,61.1,0
3.81,0.133,22.3,0
0.59,0.307,91.4,0
0.99,0.078,82.5,0
2.21,0.227,39.7,0
1.91,0.126,85.3,0
1.9,0.233,96.0,0
3.93,0.095,118.5,0
1.72,0.318,28.1,0
4.04,0.227,6.2,0
4.26,0.056,52.3,0
1.7,0.161,100.5,0
3.95,0.223,85.3,0
1.48,0.322,43.4,0
1.27,0.332,101.1,0
0.79,0.202,116.6,0
1.86,0.273,32.1,0
0.88,0.329,48.8,0
1.98,0.497,100.6,0
3.64,0.236,54.3,0
3.68,0.139,63.1,0
2.02,0.464,3.3,0
3.99,0.178,99.0,0
1.85,0.236,69.3,0
2.42,0.208,28.0,0
1.84,0.353,64.2,0
0.62,0.207,94.4,0
2.81,0.13,41.5,0
2.41,0.074,7.0,0
4.11,0.479,46.5,1
1.82,0.529,118.9,0
2.21,0.37,109.6,0
0.88,0.558,94.9,0
3.09,0.118,116.2,0
4.34,0.095,77.7,0
1.05,0.228,22.6,0
2.97,0.123,71.9,0
2.81,0.1,97.1,0
1.37,0.087,3.9,0
3.45,0.466,94.4,1
1.03,0.106,49.7,0
2.94,0.102,106.1,0
0.88,0.348,114.0,0
2.58,0.369,94.4,0
1.75,0.524,7.5,0
2.09,0.266,72.7,0
2.06,0.54,79.2,0
1.23,0.328,44.9,0
1.24,0.429,26.0,0
3.47,0.139,16.2,0
3.23,0.202,38.7,0
3.05,0.227,51.7,0
2.08,0.134,5.2,0
0.94,0.24,62.1,0
3.34,0.071,43.2,0
0.6,0.386,104.1,0
1.72,0.331,8.2,0
4.02,0.36,19.3,1
1.49,0.458,99.9,0
0.96,0.192,1.4,0
0.63,0.293,20.8,0
2.45,0.24,66.9,0
2.26,0.052,25.1,0
2.08,0.235,33.7,0
1.42,0.361,90.1,0
1.26,0.326,8.8,0
1.57,0.237,31.9,0
0.54,0.328,26.3,0
2.98,0.337,114.2,0
1.31,0.182,76.3,0
1.96,0.467,40.9,0
0.62,0.484,15.8,0
2.3,0.44,18.9,0
3.06,0.068,75.2,0
1.11,0.59,108.0,0
4.64,0.07,115.8,0
0.5,0.515,26.7,0
1.02,0.553,77.9,0
2.22,0.114,14.1,0
0.94,0.502,36.9,0
2.75,0.136,58.3,0
1.52,0.448,58.2,0
1.11,0.5,113.4,0
1.92,0.24,86.3,0
2.05,0.38,40.5,0
1.87,0.159,52.8,0
3.3,0.109,83.6,0
2.43,0.475,37.0,0
1.05,0.381,51.9,0
1.88,0.074,59.0,0
1.79,0.425,65.2,0
2.42,0.184,45.9,0
1.2,0.495,85.3,0
2.99,0.198,100.0,0
0.8,0.314,83.5,0
2.38,0.23,58.6,0
2.45,0.327,64.8,0
3.39,0.294,26.2,0
2.25,0.442,18.9,0
1.92,0.4,8.4,0
3.11,0.161,13.4,0
0.8,0.225,74.3,0
4.17,0.125,92.9,0
3.92,0.195,51.0,0
0.69,0.52,77.0,0
2.64,0.259,0.8,0
4.79,0.364,19.4,1
3.34,0.06,77.0,0
2.52,0.362,116.5,0
0.97,0.159,85.0,0
2.44,0.363,47.3,0
1.94,0.451,6.6,0
1.97,0.498,107.7,0
1.93,0.483,106.0,0
2.2,0.388,23.6,0
2.49,0.078,4.7,0
1.36,0.079,56.2,0
2.99,0.242,13.1,0
4.49,0.063,97.9,0
1.18,0.231,38.5,0
1.22,0.264,70.9,0
1.76,0.348,108.8,0
1.58,0.458,114.0,0
1.83,0.127,35.4,0
3.02,0.271,74.2,0
0.96,0.289,79.5,0
3.11,0.227,45.8,0
1.52,0.47,1.5,0
3.4,0.189,35.6,0
3.36,0.163,104.4,0
2.05,0.539,92.9,0
1.87,0.052,87.8,0
1.91,0.193,102.7,0
0.71,0.343,60.3,0
0.84,0.541,19.8,0
3.98,0.112,107.9,0
4.52,0.415,42.4,1
0.73,0.096,42.8,0
4.83,0.152,71.9,0
2.2,0.311,90.9,0
1.09,0.135,36.9,0
1.1,0.247,19.6,0
3.92,0.066,50.6,0
4.68,0.135,55.6,0
1.3,0.393,17.6,0
3.12,0.251,112.7,0
2.27,0.485,28.5,0
0.98,0.463,50.1,0
0.7,0.059,78.9,0
2.55,0.227,26.0,0
0.95,0.092,68.1,0
0.93,0.191,48.3,0
3.61,0.072,67.4,0
2.47,0.058,37.1,0
4.93,0.061,86.7,0
1.67,0.311,31.3,0
1.46,0.165,89.4,0
1.85,0.255,63.9,0
1.72,0.085,78.1,0
0.6,0.285,55.1,0
1.93,0.362,65.6,0
2.4,0.348,28.7,0
3.93,0.204,94.0,0
2.7,0.087,92.0,0
0.82,0.311,55.0,0
0.79,0.352,111.6,0
4.6,0.576,26.6,1
2.31,0.074,1.6,0
1.12,0.309,92.1,0
3.63,0.554,59.2,1
2.38,0.401,64.4,0
2.41,0.505,27.6,0
1.35,0.339,34.7,0
2.54,0.385,99.9,0
1.6,0.143,46.4,0
2.75,0.202,35.0,0
1.15,0.16,99.0,0
1.46,0.2,56.1,0
4.97,0.056,15.4,0
1.0,0.066,66.0,0
2.1,0.584,35.1,0
1.5,0.279,10.2,0
1.52,0.228,25.1,0
2.48,0.107,75.3,0
0.95,0.471,85.1,0
1.07,0.596,43.1,0
1.3,0.116,57.5,0
2.92,0.069,48.3,0
0.75,0.229,8.1,0
3.0,0.303,58.3,1
3.39,0.246,28.5,0
3.82,0.179,67.9,0
4.59,0.138,60.6,0
1.71,0.528,59.5,0
1.09,0.481,0.8,0
2.28,0.437,115.4,0
3.09,0.146,52.3,0
4.15,0.076,15.2,0
0.96,0.244,42.4,0
2.63,0.091,90.1,0
2.44,0.162,64.8,0
1.04,0.249,90.3,0
2.2,0.084,94.5,0
1.84,0.559,111.8,0
1.61,0.121,110.4,0
1.67,0.28,97.9,0
1.08,0.149,34.5,0
1.11,0.493,93.2,0
1.5,0.465,118.2,0
1.23,0.574,31.4,0
0.68,0.515,12.7,0
4.23,0.055,75.4,0
1.26,0.551,28.6,0
1.46,0.088,36.3,0
4.86,0.119,6.3,0
2.17,0.151,60.8,0
1.31,0.508,29.5,0
2.24,0.372,115.9,0
1.89,0.483,108.6,0
1.33,0.077,95.7,0
1.29,0.548,64.3,0
3.92,0.182,9.7,0
1.55,0.06,113.4,0
1.78,0.059,114.0,0
3.39,0.247,59.7,0
0.88,0.33,7.4,0
1.47,0.322,62.8,0
2.06,0.455,22.8,0
1.17,0.588,35.1,0
4.11,0.176,68.6,0
0.94,0.136,2.0,0
3.46,0.583,22.9,1
1.97,0.07,27.3,0
0.85,0.168,64.4,0
2.06,0.102,18.4,0
1.79,0.13,18.7,0
3.35,0.288,106.9,0
1.9,0.16,27.4,0
1.6,0.203,100.7,0
1.49,0.076,113.1,0
0.52,0.34,78.8,0
2.13,0.068,4.0,0
4.99,0.096,59.9,0
1.97,0.372,82.6,0
1.9,0.546,95.5,0
2.27,0.39,62.9,0
2.63,0.112,98.7,0
1.77,0.546,13.5,0
0.83,0.056,45.5,0
1.39,0.256,3.8,0
2.87,0.225,119.8,0
1.69,0.315,118.3,0
1.75,0.091,21.3,0
3.93,0.089,89.9,0
1.29,0.195,55.0,0
2.43,0.308,73.2,0
1.12,0.317,67.6,0
2.08,0.578,70.8,0
2.75,0.16,95.9,0
1.33,0.418,41.3,0
1.47,0.582,51.7,0
1.06,0.558,89.5,0
4.08,0.187,109.4,0
1.61,0.287,34.5,0
0.9,0.136,48.2,0
3.9,0.131,40.6,0
4.38,0.185,62.2,0
3.91,0.555,91.7,1
1.25,0.552,50.1,0
3.58,0.172,82.9,0
3.11,0.107,37.8,0
1.87,0.19,43.1,0
1.03,0.543,104.3,0
1.56,0.089,64.1,0
4.47,0.399,76.7,1
1.83,0.243,43.5,0
3.01,0.216,108.3,0
4.32,0.175,28.4,0
1.29,0.435,81.1,0
1.92,0.557,106.0,0
2.3,0.151,56.4,0
0.72,0.088,69.5,0
2.9,0.224,98.8,0
1.27,0.071,8.8,0
0.66,0.297,2.0,0
0.68,0.338,116.2,0
1.78,0.461,65.8,0
2.93,0.218,17.9,0
2.2,0.192,114.0,0
1.27,0.353,98.3,0
2.12,0.525,30.1,0
4.77,0.191,7.7,0
2.85,0.366,67.0,1
2.83,0.199,22.2,0
0.94,0.154,52.4,0
3.18,0.286,82.1,0
2.45,0.392,108.3,0
1.04,0.219,52.2,0
3.14,0.089,0.7,0
2.9,0.251,32.8,0
2.92,0.275,89.9,0
0.91,0.269,41.0,0
3.23,0.3,33.1,0
2.04,0.428,41.3,0
1.03,0.13,13.2,0
1.99,0.223,66.6,0
0.78,0.379,31.7,0
3.92,0.198,9.9,0
1.84,0.441,6.3,0
0.9,0.051,119.3,0
1.66,0.371,83.5,0
0.77,0.051,114.7,0
0.97,0.14,67.7,0
1.78,0.519,86.7,0
2.13,0.112,69.1,0
4.26,0.087,1.8,0
3.74,0.06,10.3,0
1.33,0.11,99.1,0
4.95,0.139,14.9,0
4.28,0.085,37.6,0
1.34,0.434,52.8,0
0.55,0.191,105.5,0
1.98,0.58,37.8,0
3.09,0.234,90.2,0
1.83,0.406,107.4,0
2.6,0.086,47.1,0
2.31,0.16,79.8,0
2.67,0.214,2.6,0
3.43,0.28,75.9,0
1.89,0.546,59.8,0
1.19,0.368,39.5,0
0.77,0.343,95.0,0
2.16,0.217,13.3,0
3.29,0.164,30.5,0
2.77,0.123,40.9,0
0.64,0.475,7.1,0
1.74,0.347,65.1,0
3.25,0.172,94.2,0
1.04,0.16,37.0,0
3.14,0.131,85.0,0
4.92,0.17,28.4,0
3.54,0.141,48.7,0
2.19,0.326,111.7,0
2.56,0.248,61.0,0
3.77,0.066,119.7,0
0.94,0.294,54.0,0
1.72,0.178,71.3,0
1.91,0.503,73.6,0
2.65,0.083,22.1,0
1.94,0.364,29.6,0
3.52,0.23,65.5,0
1.33,0.364,13.1,0
1.19,0.286,60.9,0
0.59,0.051,61.0,0
2.79,0.103,110.2,0
3.93,0.093,97.9,0
1.75,0.191,113.3,0
3.45,0.174,64.3,0
1.29,0.529,71.6,0
3.83,0.104,56.7,0
1.99,0.578,98.9,0
1.7,0.586,99.4,0
3.3,0.053,43.0,0
3.89,0.208,29.4,0
2.53,0.539,97.1,1
1.42,0.068,11.7,0
3.48,0.141,13.7,0
1.24,0.213,89.9,0
0.93,0.331,115.0,0
2.53,0.429,50.0,0
2.2,0.138,63.1,0
2.43,0.084,5.5,0
1.45,0.2,77.4,0
2.45,0.271,64.2,0
2.33,0.469,97.1,0
0.65,0.427,2.1,0
3.33,0.254,11.5,0
3.76,0.1,99.4,0
4.02,0.211,0.6,0
0.54,0.585,7.0,0
1.98,0.106,109.5,0
1.25,0.423,90.2,0
1.97,0.358,65.4,0
3.44,0.066,26.4,0
0.51,0.414,40.5,0
1.49,0.233,48.9,0
1.73,0.136,103.6,0
1.1,0.351,4.0,0
1.45,0.335,60.4,0
1.81,0.234,23.7,0
1.03,0.277,119.3,0
3.51,0.078,48.4,0
1.45,0.095,68.5,0
2.23,0.168,20.8,0
2.49,0.276,32.1,0
4.09,0.094,41.7,0
1.96,0.581,109.6,0
1.28,0.241,18.5,0
1.75,0.344,87.3,0
3.29,0.405,42.1,1
0.53,0.088,41.1,0
2.15,0.503,115.2,0
2.16,0.301,111.3,0
2.8,0.081,104.3,0
1.94,0.263,81.6,0
0.51,0.349,0.8,0
1.09,0.544,103.2,0
4.25,0.09,74.9,0
2.07,0.499,119.0,0
2.72,0.245,74.6,0
3.0,0.214,22.4,0
1.29,0.062,83.6,0
0.57,0.083,57.5,0
2.48,0.442,38.2,0
0.87,0.208,67.6,0
1.6,0.341,74.5,0
3.01,0.091,18.5,0
2.78,0.27,109.9,0
1.96,0.339,91.2,0
2.92,0.413,14.6,0
0.54,0.503,11.5,0
1.62,0.501,49.6,0
1.48,0.506,8.1,0
4.94,0.062,45.6,0
3.66,0.055,68.6,0
2.27,0.394,8.4,0
2.74,0.471,98.0,1
0.64,0.412,29.5,0
1.94,0.581,55.8,0
1.57,0.278,61.0,0
2.42,0.283,58.9,0
4.28,0.231,47.0,0
2.21,0.509,23.3,0
2.23,0.189,60.7,0
0.79,0.432,55.2,0
4.84,0.136,117.3,0
1.34,0.148,61.0,0
3.8,0.163,11.4,0
1.33,0.548,109.8,0
0.56,0.405,50.3,0
1.44,0.369,91.2,0
1.63,0.251,58.3,0
1.38,0.354,14.9,0
1.91,0.524,104.4,0
3.64,0.101,35.0,0
2.01,0.36,86.3,0
2.62,0.286,30.0,0
1.71,0.083,80.7,0
1.08,0.303,32.1,0
3.88,0.117,55.5,0
0.7,0.447,109.4,0
1.26,0.219,1.7,0
3.68,0.122,0.4,0
0.74,0.376,117.6,0
2.26,0.056,18.0,0
1.56,0.461,1.5,0
3.69,0.234,61.1,0
2.74,0.074,109.5,0
1.73,0.349,91.8,0
1.8,0.401,90.8,0
0.9,0.077,75.2,0
2.22,0.177,100.1,0
1.91,0.264,11.3,0
2.59,0.303,13.6,0
3.93,0.449,67.6,1
1.12,0.428,6.8,0
2.47,0.195,54.1,0
1.98,0.364,16.1,0
1.21,0.596,65.6,0
2.07,0.296,39.3,0
3.75,0.139,115.5,0
1.67,0.281,39.6,0
0.87,0.381,53.3,0
4.6,0.422,118.8,1
1.29,0.068,33.7,0
2.09,0.519,119.7,0
3.12,0.216,60.2,0
4.21,0.154,95.1,0
2.69,0.179,33.5,0
2.96,0.544,4.7,1
1.78,0.544,107.1,0
1.22,0.226,21.5,0
2.03,0.547,64.7,0
2.35,0.241,7.5,0
3.47,0.139,80.1,0
1.15,0.277,92.7,0
3.18,0.182,39.6,0
2.29,0.217,84.5,0
1.3,0.143,58.4,0
4.7,0.167,81.0,0
1.28,0.505,38.2,0
1.65,0.238,101.9,0
0.85,0.284,111.4,0
0.52,0.301,69.8,0
1.56,0.342,58.6,0
1.87,0.581,109.0,0
1.51,0.103,24.2,0
1.61,0.386,27.8,0
1.5,0.364,52.7,0
0.96,0.333,113.8,0
2.96,0.34,108.0,0
4.12,0.375,110.1,1
1.35,0.305,23.0,0
3.09,0.338,20.7,1
4.16,0.063,6.2,0
2.07,0.151,19.8,0
4.05,0.493,88.2,1
2.57,0.17,61.4,0
0.61,0.131,47.4,0
4.11,0.057,104.3,0
1.13,0.437,101.4,0
2.01,0.252,7.5,0
0.7,0.541,78.2,0
1.76,0.383,1.4,0
1.3,0.408,52.6,0
0.73,0.284,6.8,0
1.11,0.375,41.9,0
3.45,0.118,68.0,0
2.55,0.589,69.1,1
1.15,0.056,3.6,0
0.54,0.481,85.5,0
1.13,0.401,104.0,0
0.52,0.163,15.4,0
1.47,0.337,61.4,0
2.3,0.245,41.6,0
2.96,0.151,70.3,0
1.13,0.58,78.8,0
3.09,0.061,45.4,0
1.2,0.364,119.5,0
3.3,0.24,34.9,0
1.23,0.58,61.2,0
3.09,0.119,107.8,0
2.57,0.17,69.8,0
1.14,0.58,85.0,0
2.3,0.092,79.7,0
2.53,0.274,96.5,0
4.96,0.477,40.6,1
1.87,0.489,104.3,0
0.84,0.312,17.9,0
1.67,0.463,69.6,0
2.83,0.123,15.4,0
4.73,0.09,101.5,0
1.09,0.427,50.5,0
2.97,0.095,91.5,0
1.47,0.221,117.0,0
2.5,0.079,79.4,0
3.71,0.514,82.8,1
1.17,0.396,9.2,0
1.84,0.183,65.2,0
4.93,0.138,19.3,0
1.02,0.161,102.6,0
1.35,0.115,98.1,0
1.9,0.572,81.2,0
4.67,0.233,42.8,1
1.65,0.147,77.7,0
2.34,0.245,75.6,0
1.7,0.071,114.8,0
1.28,0.15,56.0,0
1.22,0.217,98.5,0
0.92,0.053,67.4,0
3.79,0.14,58.9,0
1.52,0.151,82.2,0
1.47,0.281,23.1,0
1.7,0.465,54.3,0
0.52,0.135,86.1,0
1.43,0.537,119.1,0
2.92,0.311,15.4,0
0.58,0.445,61.2,0
4.5,0.087,82.9,0
1.16,0.521,113.0,0
2.02,0.586,66.8,0
3.06,0.222,91.5,0
0.75,0.484,80.5,0
1.45,0.477,114.9,0
1.42,0.135,53.2,0
1.38,0.295,42.0,0
4.13,0.198,17.1,0
2.07,0.502,7.9,0
1.71,0.186,109.7,0
0.84,0.454,12.1,0
0.77,0.254,11.8,0
3.25,0.081,113.2,0
4.17,0.171,103.0,0
2.64,0.405,45.4,0
1.64,0.087,112.6,0
1.95,0.076,62.6,0
1.3,0.592,30.7,0
1.81,0.232,32.2,0
1.91,0.528,19.9,0
0.98,0.067,118.1,0
4.16,0.113,85.3,0
1.79,0.433,66.8,0
2.86,0.165,67.8,0
4.91,0.145,78.2,0
1.53,0.21,41.3,0
1.36,0.133,91.3,0
1.18,0.08,57.2,0
2.79,0.166,112.7,0
1.34,0.163,12.9,0
3.55,0.084,114.7,0
4.49,0.148,30.6,0
1.74,0.596,100.2,0
1.97,0.178,9.7,0
1.41,0.248,62.3,0
3.83,0.181,113.0,0
1.38,0.09,58.2,0
4.05,0.056,14.9,0
2.55,0.093,5.4,0
1.24,0.39,7.3,0
0.53,0.289,81.0,0
1.37,0.523,58.6,0
1.74,0.294,46.8,0
2.51,0.322,17.0,0
0.68,0.568,99.7,0
4.54,0.44,119.3,1
0.78,0.452,80.3,0
2.93,0.165,108.1,0
2.86,0.528,23.6,1
4.11,0.05,28.4,0
2.38,0.355,4.2,0
1.92,0.183,89.1,0
0.97,0.122,8.4,0
2.13,0.383,55.3,0
1.23,0.09,81.5,0
1.35,0.099,110.9,0
2.39,0.134,57.4,0
3.05,0.301,56.8,0
1.26,0.42,108.4,0
1.78,0.213,39.6,0
3.09,0.066,27.9,0
4.95,0.133,86.1,0
4.63,0.09,88.5,0
3.85,0.132,42.3,0
1.3,0.455,113.0,0
1.37,0.588,111.3,0
2.1,0.327,7.2,0
1.26,0.132,77.7,0
2.12,0.31,59.3,0
1.31,0.078,37.4,0
3.83,0.052,73.1,0
4.37,0.175,62.3,0
1.58,0.176,100.1,0
3.87,0.076,48.2,0
1.71,0.496,83.5,0
1.64,0.094,84.4,0
3.21,0.126,1.9,0
0.51,0.297,93.8,0
2.27,0.077,79.9,0
1.56,0.341,97.2,0
3.55,0.085,54.8,0
1.23,0.412,32.0,0
2.11,0.248,38.5,0
3.0,0.184,94.0,0
1.21,0.526,31.3,0
1.89,0.14,81.2,0
1.5,0.492,94.9,0
2.36,0.297,2.8,0
2.01,0.276,41.1,0
2.03,0.163,42.6,0
1.89,0.075,69.7,0
2.73,0.315,52.1,0
1.12,0.183,90.2,0
2.99,0.295,24.7,0
2.24,0.333,71.0,0
0.93,0.091,19.5,0
3.02,0.317,117.8,0
4.48,0.536,19.7,1
3.8,0.101,92.9,0
4.46,0.116,75.0,0
4.96,0.078,76.7,0
1.15,0.099,46.1,0
0.66,0.39,43.2,0
1.91,0.518,95.9,0
4.01,0.075,84.6,0
4.67,0.056,2.4,0
1.77,0.43,29.3,0
2.35,0.188,92.6,0
3.57,0.241,43.2,0
4.89,0.168,7.9,0
2.9,0.307,22.8,0
0.61,0.155,87.6,0
2.23,0.23,62.2,0
0.53,0.301,117.8,0
1.29,0.439,63.8,0
0.55,0.147,58.1,0
0.63,0.411,18.9,0
1.54,0.209,114.6,0
3.05,0.066,5.0,0
0.55,0.466,69.8,0
2.02,0.273,27.0,0
1.57,0.299,10.9,0
1.92,0.432,57.6,0
2.0,0.093,10.7,0
1.54,0.478,25.7,0
0.72,0.149,63.4,0
1.55,0.153,81.3,0
4.09,0.201,1.1,0
1.05,0.146,113.3,0
1.59,0.542,0.2,0
1.57,0.199,71.8,0
1.88,0.393,20.8,0
2.37,0.198,18.5,0
2.48,0.128,111.8,0
0.63,0.517,29.5,0
1.23,0.199,52.4,0
1.77,0.083,117.8,0
2.52,0.133,1.2,0
1.95,0.311,45.6,0
2.32,0.241,106.9,0
2.94,0.278,7.2,0
3.01,0.322,15.1,0
4.65,0.109,99.2,0
3.35,0.171,14.5,0
1.93,0.223,70.6,0
0.87,0.162,55.7,0
1.16,0.072,56.1,0
3.62,0.241,18.2,0
2.14,0.383,30.0,0
1.36,0.137,74.2,0
1.03,0.365,2.8,0
3.93,0.066,102.7,0
1.81,0.25,50.5,0
1.11,0.438,66.8,0
3.96,0.258,48.9,0
4.12,0.074,41.9,0
0.66,0.549,64.2,0
3.51,0.197,29.3,0
0.83,0.33,53.6,0
3.66,0.218,88.0,0
0.84,0.179,46.7,0
1.71,0.499,66.9,0
2.45,0.196,91.2,0
2.03,0.491,107.4,0
4.37,0.105,31.9,0
3.19,0.197,74.9,0
2.28,0.213,105.6,0
4.55,0.138,27.1,0
2.36,0.137,93.6,0
0.95,0.076,33.2,0
1.2,0.132,7.5,0
1.72,0.559,3.4,0
1.42,0.236,95.7,0
0.77,0.102,81.9,0
2.25,0.487,20.0,0
0.67,0.06,90.2,0
2.44,0.106,30.2,0
1.27,0.496,33.7,0
1.08,0.3,16.2,0
0.64,0.142,61.6,0
2.41,0.441,60.4,0
3.23,0.118,21.5,0
2.74,0.191,89.7,0
0.97,0.099,38.9,0
1.8,0.096,61.6,0
2.74,0.255,34.8,0
1.73,0.057,7.2,0
1.06,0.427,43.1,0
3.55,0.259,95.8,0
0.76,0.53,113.3,0
1.55,0.27,72.3,0
0.91,0.15,77.4,0
4.2,0.065,39.4,0
3.44,0.184,118.1,0
2.82,0.355,62.9,0
0.54,0.333,56.1,0
2.61,0.212,88.8,0
4.87,0.177,36.0,0
2.18,0.352,32.3,0
1.45,0.475,74.1,0
1.16,0.223,54.2,0
0.8,0.239,56.5,0
3.24,0.324,24.4,0
4.11,0.25,115.0,1
4.89,0.061,48.7,0
1.49,0.52,50.3,0
2.4,0.126,78.7,0
2.16,0.282,107.5,0
1.46,0.244,114.6,0
2.73,0.103,99.7,0
4.74,0.404,88.4,1
0.56,0.554,34.4,0
1.89,0.509,59.2,0
2.05,0.428,101.2,0
0.94,0.173,37.8,0
3.56,0.241,53.5,0
1.69,0.522,84.3,0
1.65,0.329,6.6,0
0.52,0.434,34.2,0
4.24,0.483,106.8,1
4.73,0.132,40.0,0
0.68,0.326,13.6,0
3.77,0.426,119.5,1
3.51,0.089,35.6,0
3.96,0.146,76.4,0
0.58,0.574,18.9,0
2.58,0.162,112.7,0
1.97,0.146,31.3,0
0.68,0.276,29.9,0
1.27,0.505,95.1,0
1.21,0.417,69.0,0
3.61,0.213,40.3,0
0.86,0.374,65.0,0
0.7,0.493,39.2,0
1.43,0.492,7.5,0
1.77,0.463,71.6,0
1.58,0.145,40.1,0
0.87,0.13,113.3,0
1.89,0.437,28.7,0
1.77,0.504,27.4,0
0.55,0.54,40.2,0
1.0,0.359,16.5,0
3.17,0.524,54.1,1
3.59,0.522,67.7,1
3.88,0.068,15.4,0
1.52,0.109,53.4,0
1.91,0.281,36.9,0
2.27,0.354,84.2,0
1.63,0.485,57.5,0
1.46,0.238,54.6,0
3.78,0.127,12.0,0
2.68,0.261,78.7,0
4.46,0.154,53.6,0
0.53,0.136,46.0,0
2.03,0.21,2.3,0
0.68,0.116,98.2,0
2.72,0.397,32.0,0
0.7,0.334,90.3,0
2.57,0.3,116.8,0
2.75,0.271,2.1,0
3.07,0.362,17.5,1
2.24,0.148,62.7,0
2.28,0.249,44.0,0
2.58,0.369,27.5,0
1.11,0.381,86.1,0
4.29,0.192,68.3,0
2.9,0.107,42.0,0
2.81,0.164,99.7,0
2.91,0.329,56.4,0
1.1,0.547,104.0,0
0.82,0.088,55.0,0
3.65,0.163,99.6,0
1.66,0.596,100.0,0
2.45,0.182,94.1,0
1.69,0.486,11.6,0
1.19,0.279,41.2,0
2.63,0.186,33.6,0
3.21,0.15,118.5,0
4.19,0.194,101.6,0
1.98,0.305,83.7,0
4.45,0.098,105.5,0
2.72,0.375,31.1,0
4.6,0.112,75.9,0
2.43,0.46,82.4,0
3.1,0.303,59.9,0
3.48,0.534,21.8,1
3.12,0.242,83.7,0
1.19,0.24,74.7,0
0.65,0.295,23.5,0
4.16,0.181,45.8,0
0.64,0.409,72.5,0
1.73,0.421,106.5,0
3.4,0.254,112.3,0
1.17,0.357,14.5,0
2.99,0.143,23.8,0
1.08,0.333,13.4,0
1.78,0.479,26.1,0
2.08,0.592,57.6,0
4.0,0.241,48.5,0
1.28,0.377,55.3,0
2.86,0.298,103.9,0
1.12,0.329,111.9,0
1.0,0.144,59.4,0
1.83,0.278,115.3,0
2.98,0.359,105.7,0
1.43,0.21,63.7,0
1.58,0.28,115.6,0
1.21,0.33,29.7,0
0.6,0.362,102.7,0
1.15,0.102,107.6,0
3.39,0.296,52.5,1
3.01,0.148,2.0,0
0.99,0.458,73.2,0
0.57,0.149,55.2,0
0.77,0.479,57.1,0
1.36,0.542,59.1,0
3.07,0.26,75.1,0
4.13,0.057,80.4,0
2.11,0.188,72.8,0
4.2,0.182,2.5,0
1.35,0.455,84.4,0
0.82,0.258,52.5,0
0.68,0.507,99.4,0
4.29,0.133,10.2,0
3.22,0.149,27.8,0
2.53,0.084,9.9,0
3.51,0.208,57.4,0
1.69,0.204,68.4,0
3.31,0.147,65.5,0
1.86,0.416,76.0,0
1.49,0.568,17.9,0
4.57,0.302,91.1,1
2.72,0.08,12.4,0
4.12,0.172,105.6,0
1.9,0.286,75.5,0
2.82,0.278,59.8,0
4.99,0.095,57.0,0
1.83,0.134,79.7,0
1.49,0.509,26.1,0
3.88,0.124,74.3,0
0.55,0.397,82.5,0
1.99,0.262,83.8,0
2.79,0.116,14.2,0
4.75,0.087,59.2,0
3.41,0.216,68.2,0
2.32,0.096,29.2,0
3.32,0.506,27.1,1
0.68,0.588,66.1,0
1.06,0.344,24.4,0
3.2,0.095,6.4,0
3.47,0.109,40.8,0
3.84,0.164,90.0,0
2.2,0.237,17.2,0
0.54,0.285,108.6,0
4.79,0.132,13.4,0
1.79,0.536,75.3,0
2.66,0.412,39.9,0
4.35,0.485,40.0,1
4.42,0.116,84.7,0
1.15,0.076,46.0,0
0.74,0.384,43.9,0
2.76,0.092,42.5,0
1.03,0.379,81.5,0
3.11,0.224,97.2,0
2.03,0.172,51.9,0
3.08,0.098,84.4,0
2.84,0.19,29.5,0
4.58,0.558,60.4,1
1.85,0.117,100.8,0
1.04,0.536,43.2,0
2.78,0.582,107.2,1
0.71,0.523,32.5,0
4.38,0.168,87.4,0
2.59,0.231,6.4,0
0.58,0.572,12.2,0
1.34,0.32,90.8,0
4.71,0.129,109.9,0
1.38,0.346,118.1,0
1.28,0.386,70.3,0
0.6,0.194,49.0,0
1.21,0.434,85.3,0
3.06,0.305,91.7,0
1.72,0.508,22.8,0
1.06,0.4,5.8,0
4.24,0.194,15.2,0
1.81,0.362,70.4,0
3.17,0.22,65.0,0
2.53,0.376,13.6,0
0.85,0.156,118.5,0
0.69,0.54,118.1,0
1.71,0.412,111.9,0
1.62,0.197,62.3,0
3.76,0.175,9.8,0
4.38,0.174,106.2,0
1.3,0.295,15.2,0
4.75,0.081,74.0,0
4.27,0.171,69.6,0
4.97,0.182,1.3,0
0.78,0.135,21.5,0
2.76,0.259,77.4,0
4.96,0.569,44.0,1
4.29,0.057,65.6,0
1.29,0.554,105.1,0
1.18,0.277,102.1,0
1.56,0.358,68.3,0
2.03,0.447,116.8,0
3.62,0.066,111.3,0
1.57,0.266,79.4,0
1.43,0.513,54.7,0
1.43,0.321,86.3,0
3.92,0.063,71.4,0
3.6,0.201,101.2,0
2.14,0.243,82.7,0
3.9,0.081,44.6,0
4.87,0.586,77.3,1
0.8,0.253,2.1,0
1.45,0.267,84.7,0
2.11,0.195,90.2,0
0.98,0.057,119.9,0
4.18,0.055,36.1,0
2.05,0.475,26.7,0
0.74,0.461,34.3,0
2.72,0.113,14.0,0
0.52,0.138,26.1,0
3.54,0.256,117.6,0
0.76,0.596,54.6,0
2.48,0.07,31.5,0
4.26,0.13,69.2,0
2.54,0.351,40.7,0
1.42,0.214,9.2,0
0.61,0.282,102.7,0
4.58,0.052,19.7,0
3.04,0.272,74.9,0
2.93,0.426,13.6,1
1.5,0.414,82.1,0
0.74,0.529,9.9,0
4.53,0.329,67.4,1
3.59,0.267,11.6,0
1.9,0.101,52.2,0
0.59,0.19,21.4,0
0.54,0.459,6.3,0
1.65,0.299,97.3,0
1.14,0.315,22.9,0
3.49,0.31,69.0,0
1.03,0.055,20.1,0
2.98,0.163,43.8,0
1.75,0.233,43.4,0
1.49,0.466,91.5,0
2.95,0.39,102.5,1
3.06,0.082,106.7,0
1.98,0.531,7.6,0
4.35,0.523,21.7,1
2.84,0.434,68.0,1
0.97,0.051,106.9,0
1.23,0.164,85.1,0
0.77,0.546,5.4,0
1.79,0.503,74.2,0
3.69,0.16,21.0,0
2.48,0.465,33.9,0
3.42,0.161,80.4,0
1.14,0.078,15.3,0
4.88,0.313,90.9,1
2.25,0.455,42.6,0
0.55,0.527,1.3,0
3.19,0.288,6.6,0
1.33,0.477,17.6,0
1.45,0.41,54.3,0
0.72,0.171,88.1,0
1.86,0.366,32.0,0
2.6,0.088,41.1,0
3.92,0.321,28.3,1
1.49,0.076,49.0,0
0.93,0.425,50.0,0
2.69,0.194,74.4,0
3.35,0.086,111.7,0
3.48,0.278,87.4,0
2.33,0.431,78.8,0
3.15,0.119,76.9,0
1.62,0.117,45.3,0
3.41,0.103,53.5,0
2.05,0.507,20.4,0
1.47,0.524,15.6,0
1.14,0.218,54.2,0
2.77,0.278,40.2,0
0.82,0.41,13.9,0
1.86,0.332,49.1,0
3.84,0.081,32.6,0
1.09,0.322,37.7,0
2.58,0.132,67.3,0
1.15,0.57,28.7,0
3.14,0.128,65.6,0
0.94,0.122,38.8,0
3.92,0.12,69.0,0
3.64,0.526,108.8,1
2.94,0.177,33.2,0
2.53,0.104,34.8,0
1.59,0.54,59.2,0
2.1,0.337,86.5,0
4.0,0.294,115.0,1
1.88,0.488,64.3,0
1.46,0.151,25.9,0
3.72,0.211,0.9,0
2.8,0.359,19.3,0
2.08,0.223,113.3,0
2.34,0.528,17.1,1
3.5,0.399,70.7,1
2.6,0.154,66.2,0
1.95,0.416,52.8,0
2.59,0.273,54.8,0
0.58,0.255,105.1,0
1.26,0.361,29.4,0
0.95,0.506,94.2,0
4.75,0.182,58.4,0
0.62,0.221,50.1,0
4.74,0.21,14.6,0
4.66,0.268,49.2,1
4.45,0.157,36.4,0
3.77,0.14,32.0,0
1.21,0.494,61.2,0
0.67,0.071,66.2,0
1.94,0.481,91.1,0
4.01,0.152,30.6,0
1.08,0.288,113.1,0
2.42,0.199,118.6,0
1.01,0.204,96.0,0
1.9,0.296,35.2,0
4.27,0.152,103.8,0
1.48,0.35,63.3,0
2.58,0.203,116.8,0
1.1,0.532,30.4,0
4.8,0.095,21.7,0
2.83,0.247,47.0,0
4.69,0.459,100.0,1
1.28,0.321,79.0,0
1.07,0.317,99.8,0
3.07,0.2,102.0,0
1.44,0.439,103.5,0
3.42,0.276,45.5,0
2.24,0.057,47.8,0
0.68,0.402,96.9,0
4.15,0.053,98.7,0
2.55,0.455,5.1,0
3.57,0.151,115.8,0
1.5,0.109,76.4,0
3.85,0.136,91.3,0
0.54,0.402,53.2,0
1.51,0.296,74.4,0
1.27,0.497,96.9,0
4.38,0.331,89.2,1
1.52,0.447,11.4,0
0.65,0.226,97.2,0
0.5,0.289,17.7,0
2.09,0.122,64.5,0
1.57,0.249,81.7,0
4.07,0.288,100.7,1
1.61,0.295,78.7,0
1.76,0.19,22.2,0
0.77,0.336,83.1,0
3.21,0.226,49.0,0
2.21,0.067,12.2,0
1.06,0.072,63.5,0
2.96,0.096,76.4,0
2.13,0.397,107.4,0
0.82,0.093,90.6,0
1.65,0.397,2.7,0
1.33,0.508,97.5,0
3.69,0.122,72.4,0
4.36,0.175,115.7,0
0.58,0.064,65.6,0
3.78,0.219,105.0,0
3.54,0.595,19.7,1
4.13,0.135,1.2,0
2.25,0.212,9.7,0
1.38,0.25,54.5,0
2.65,0.185,89.3,0
4.26,0.152,112.2,0
0.65,0.414,81.2,0
2.16,0.245,112.1,0
2.51,0.129,6.0,0
1.93,0.451,10.3,0
2.18,0.295,53.0,0
2.34,0.207,12.4,0
1.78,0.271,95.1,0
1.17,0.587,113.7,0
2.35,0.188,8.9,0
2.27,0.128,19.1,0
2.99,0.332,32.8,0
0.75,0.565,8.7,0
3.62,0.219,34.7,0
2.01,0.134,75.8,0
2.12,0.214,67.1,0
1.39,0.106,119.8,0
2.02,0.242,42.3,0
2.95,0.305,115.0,0
3.02,0.193,91.5,0
4.78,0.126,27.6,0
2.28,0.326,71.5,0
2.23,0.188,69.0,0
4.56,0.082,52.4,0
0.76,0.56,14.5,0
0.57,0.184,84.5,0
3.55,0.196,94.9,0
0.89,0.182,82.9,0
1.12,0.418,9.6,0
0.67,0.201,42.5,0
2.67,0.228,25.5,0
1.61,0.316,107.6,0
2.89,0.317,75.3,0
1.1,0.468,30.3,0
2.27,0.448,16.1,0
1.81,0.275,94.9,0
2.44,0.437,82.3,0
0.95,0.13,87.7,0
1.99,0.342,30.6,0
3.46,0.445,16.4,1
0.54,0.192,10.8,0
4.04,0.101,28.2,0
2.36,0.268,21.0,0
3.39,0.118,85.4,0
0.67,0.445,101.9,0
1.99,0.256,36.3,0
4.67,0.078,113.6,0
1.53,0.553,110.1,0
1.1,0.304,24.1,0
2.52,0.189,60.7,0
1.34,0.509,97.1,0
0.83,0.164,60.3,0
2.21,0.554,6.0,0
2.75,0.391,9.6,0
2.18,0.339,92.1,0
3.67,0.245,114.3,0
1.53,0.584,80.5,0
1.09,0.07,14.9,0
1.0,0.49,114.4,0
3.98,0.432,90.7,1
4.06,0.584,55.4,1
0.67,0.429,35.6,0
3.6,0.263,92.3,0
2.46,0.38,47.6,0
3.98,0.248,34.6,0
2.35,0.137,53.9,0
1.36,0.315,116.1,0
3.58,0.098,89.6,0
1.21,0.292,56.5,0
2.42,0.428,23.6,0
1.1,0.523,115.9,0
1.22,0.592,64.3,0
1.01,0.314,47.3,0
1.88,0.167,43.7,0
4.73,0.091,32.1,0
1.24,0.575,66.1,0
2.73,0.367,55.6,0
2.78,0.128,13.0,0
1.36,0.105,31.8,0
2.44,0.457,45.5,0
0.84,0.372,3.7,0
0.67,0.276,20.3,0
1.5,0.303,13.9,0
1.53,0.394,89.8,0
1.55,0.303,75.8,0
2.51,0.403,25.4,0
1.05,0.221,91.1,0
0.73,0.317,72.0,0
3.29,0.168,16.1,0
0.68,0.536,42.9,0
1.16,0.155,116.8,0
1.06,0.313,84.0,0
2.39,0.267,38.5,0
1.58,0.269,13.0,0
2.02,0.386,13.6,0
4.43,0.193,53.0,0
3.3,0.231,32.1,0
1.46,0.558,72.1,0
1.78,0.303,41.1,0
2.11,0.571,59.3,0
1.52,0.146,45.7,0
1.51,0.186,35.7,0
0.91,0.506,112.2,0
2.76,0.349,57.4,0
4.78,0.143,2.9,0
2.57,0.369,56.8,0
2.54,0.129,24.3,0
3.04,0.412,105.2,1
4.25,0.167,13.0,0
3.19,0.135,52.1,0
3.15,0.335,93.5,0
3.57,0.063,71.8,0
3.45,0.085,73.6,0
2.19,0.49,47.2,0
4.71,0.175,89.8,0
0.72,0.089,71.2,0
4.18,0.077,103.1,0
2.78,0.262,40.5,0
3.03,0.171,54.1,0
0.82,0.146,116.2,0
2.71,0.51,69.7,1
1.78,0.378,84.4,0
0.51,0.163,13.6,0
2.72,0.132,45.0,0
1.97,0.279,90.4,0
4.11,0.052,71.2,0
0.98,0.125,89.5,0
1.36,0.235,67.3,0
2.86,0.356,44.9,0
0.57,0.12,4.2,0
3.79,0.094,119.3,0
3.83,0.219,31.0,0
2.58,0.252,69.3,0
3.42,0.13,106.9,0
2.27,0.362,58.1,0
3.97,0.17,49.9,0
1.44,0.291,109.2,0
2.48,0.305,54.2,0
1.17,0.181,42.5,0
3.66,0.101,59.0,0
0.67,0.054,15.4,0
4.61,0.183,3.9,0
3.71,0.167,115.9,0
2.75,0.265,76.0,0
1.55,0.28,11.9,0
0.69,0.563,65.6,0
2.8,0.121,72.6,0
2.0,0.286,88.9,0
0.81,0.138,108.3,0
1.41,0.397,70.4,0
0.73,0.194,91.4,0
3.27,0.076,83.2,0
2.08,0.112,39.0,0
2.67,0.234,101.3,0
3.25,0.226,13.1,0
3.64,0.567,7.3,1
2.95,0.128,33.9,0
0.73,0.143,37.6,0
3.06,0.206,78.1,0
4.92,0.11,82.0,0
3.2,0.159,27.9,0
3.07,0.175,101.4,0
4.01,0.164,46.0,0
0.59,0.402,61.0,0
1.39,0.5,45.2,0
3.44,0.093,115.7,0
2.49,0.282,96.3,0
1.47,0.504,110.9,0
4.4,0.434,0.5,1
4.39,0.168,20.2,0
1.76,0.171,63.8,0
2.24,0.17,55.6,0
2.06,0.509,82.7,0
0.85,0.308,62.6,0
1.2,0.5,108.0,0
0.55,0.539,66.8,0
2.24,0.158,43.5,0
2.74,0.392,75.4,1
4.51,0.078,37.6,0
1.36,0.355,72.0,0
1.49,0.334,108.3,0
0.58,0.213,28.7,0
1.95,0.281,1.3,0
0.93,0.208,3.4,0
1.82,0.38,68.6,0
3.72,0.118,80.5,0
1.9,0.361,38.9,0
1.42,0.491,53.1,0
2.02,0.361,20.7,0
2.86,0.376,13.7,0
2.54,0.328,45.2,0
1.21,0.591,55.2,0
1.94,0.402,92.3,0
2.3,0.465,119.0,0
4.7,0.128,83.3,0
2.53,0.171,41.4,0
0.71,0.527,111.7,0
1.76,0.393,112.4,0
2.11,0.087,16.9,0
1.4,0.185,36.3,0
2.46,0.14,41.7,0
2.92,0.253,118.2,0
1.05,0.198,21.7,0
2.03,0.373,78.1,0
3.71,0.201,112.8,0
4.24,0.227,74.4,1
2.75,0.341,115.7,0
4.46,0.095,31.6,0
1.1,0.467,60.8,0
4.87,0.064,32.4,0
2.52,0.292,22.0,0
3.02,0.229,3.6,0
1.09,0.121,102.2,0
2.03,0.54,73.7,0
0.88,0.419,30.1,0
1.41,0.527,92.5,0
3.22,0.164,78.9,0
3.26,0.231,26.0,0
2.9,0.169,57.5,0
3.96,0.127,103.5,0
1.56,0.47,59.4,0
0.93,0.514,52.6,0
1.3,0.578,20.4,0
1.84,0.196,95.6,0
1.5,0.062,80.0,0
4.03,0.184,111.2,0
1.21,0.112,118.8,0
0.53,0.522,98.9,0
2.89,0.077,14.9,0
0.89,0.416,88.7,0
4.86,0.574,91.7,1
3.51,0.221,30.5,0
3.46,0.227,18.8,0
0.91,0.569,48.9,0
4.46,0.104,99.5,0
4.35,0.093,44.2,0
2.59,0.241,83.5,0
3.21,0.317,26.5,0
1.89,0.452,23.0,0
1.04,0.33,104.8,0
1.67,0.242,3.5,0
1.45,0.173,55.7,0
2.49,0.228,89.5,0
2.57,0.109,94.6,0
4.86,0.108,12.5,0
0.68,0.372,48.0,0
0.57,0.407,91.2,0
1.49,0.319,14.9,0
3.89,0.07,117.8,0
1.23,0.069,9.0,0
4.77,0.061,82.7,0
0.77,0.354,12.8,0
0.93,0.135,1.2,0
1.07,0.425,25.2,0
3.83,0.124,48.3,0
0.54,0.574,42.6,0
1.1,0.096,62.7,0
4.22,0.293,61.3,1
4.81,0.103,62.2,0
1.68,0.4,93.4,0
2.33,0.481,5.3,0
3.06,0.07,33.1,0
1.85,0.438,36.6,0
2.76,0.239,97.8,0
2.22,0.194,94.7,0
4.2,0.183,79.8,0
1.98,0.209,75.1,0
2.17,0.194,33.0,0
3.4,0.145,38.4,0
0.65,0.399,23.3,0
3.9,0.103,106.9,0
3.84,0.129,61.7,0
1.58,0.298,57.2,0
1.62,0.278,55.8,0
3.54,0.103,76.0,0
1.84,0.442,90.4,0
2.06,0.593,33.1,0
2.23,0.327,7.9,0
2.79,0.354,80.8,0
2.78,0.128,99.3,0
4.32,0.076,53.5,0
1.1,0.572,61.9,0
2.07,0.532,69.7,0
1.41,0.557,60.1,0
1.68,0.431,54.5,0
2.06,0.48,18.5,0
1.55,0.402,57.3,0
1.37,0.457,89.5,0
1.41,0.155,100.1,0
2.67,0.405,43.0,0
0.65,0.345,3.9,0
1.9,0.258,87.3,0
3.11,0.166,95.2,0
1.92,0.404,49.4,0
2.74,0.208,63.3,0
1.81,0.499,116.8,0
1.91,0.27,21.7,0
0.74,0.387,33.4,0
1.31,0.119,89.0,0
2.43,0.446,59.0,0
1.82,0.09,95.7,0
1.67,0.065,83.7,0
2.49,0.292,22.5,0
2.19,0.308,97.4,0
4.36,0.161,118.2,0
1.12,0.424,80.9,0
2.94,0.125,98.3,0
4.81,0.242,9.0,1
4.07,0.164,26.3,0
2.31,0.168,18.2,0
2.07,0.519,60.1,0
1.0,0.19,64.1,0
2.65,0.205,93.0,0
1.66,0.395,108.2,0
2.19,0.328,4.5,0
0.68,0.303,9.2,0
1.31,0.454,88.4,0
1.55,0.08,96.3,0
3.98,0.133,101.3,0
1.91,0.276,97.5,0
2.34,0.141,37.8,0
4.33,0.144,63.1,0
0.79,0.344,92.5,0
2.12,0.052,58.5,0
4.01,0.216,97.4,0
2.34,0.304,9.7,0
2.75,0.354,35.4,0
2.35,0.374,111.0,0
1.16,0.191,25.7,0
1.45,0.159,64.9,0
1.67,0.318,78.5,0
0.97,0.423,3.0,0
2.3,0.303,101.0,0
2.27,0.162,21.6,0
1.14,0.249,110.3,0
1.54,0.06,70.3,0
3.46,0.292,50.3,0
0.73,0.168,107.7,0
0.59,0.095,66.3,0
2.24,0.411,20.7,0
1.83,0.289,65.1,0
1.27,0.426,77.8,0
4.61,0.232,118.5,1
1.72,0.12,85.8,0
0.58,0.52,74.8,0
1.74,0.471,34.3,0
3.13,0.054,8.4,0
4.18,0.167,16.1,0
1.33,0.394,95.7,0
2.56,0.249,108.3,0
0.68,0.392,66.6,0
1.83,0.503,41.2,0
2.66,0.271,80.2,0
2.75,0.493,39.1,1
2.41,0.348,92.9,0
1.85,0.25,86.9,0
0.63,0.3,75.9,0
1.47,0.498,100.1,0
2.56,0.287,73.0,0
1.76,0.108,22.4,0
2.71,0.302,118.1,0
3.2,0.487,44.7,1
1.13,0.315,23.3,0
4.56,0.213,84.5,1
1.99,0.33,20.0,0
2.53,0.09,23.2,0
4.07,0.451,95.2,1
1.81,0.59,25.3,0
3.68,0.165,21.7,0
3.87,0.175,53.6,0
1.63,0.163,43.7,0
2.45,0.528,102.8,1
3.83,0.088,9.1,0
3.01,0.352,88.5,0
0.93,0.204,115.5,0
0.5,0.59,75.1,0
1.17,0.313,52.0,0
2.22,0.204,89.4,0
1.71,0.08,8.4,0
3.56,0.098,50.2,0
0.94,0.196,36.4,0
2.44,0.273,19.4,0
2.44,0.062,109.3,0
1.24,0.175,3.0,0
1.15,0.214,70.7,0
4.99,0.114,73.1,0
2.04,0.522,7.2,0
2.04,0.376,6.9,0
1.2,0.099,104.2,0
0.76,0.372,117.9,0
2.74,0.272,112.7,0
1.81,0.245,36.9,0
4.42,0.111,96.4,0
3.83,0.253,8.1,0
1.1,0.506,78.7,0
4.36,0.051,13.7,0
1.8,0.331,16.1,0
2.49,0.084,23.6,0
2.21,0.086,72.6,0
4.81,0.16,37.6,0
1.43,0.286,19.4,0
3.93,0.481,100.4,1
1.97,0.578,80.1,1
0.7,0.15,46.9,0
1.19,0.451,67.0,0
0.84,0.174,88.9,0
4.24,0.355,44.7,1
0.61,0.34,55.2,0
2.63,0.167,32.8,0
2.99,0.233,81.7,0
1.04,0.537,57.5,0
3.18,0.272,12.0,0
1.8,0.188,20.3,0
0.75,0.543,83.0,0
1.44,0.283,58.6,0
1.76,0.299,65.5,0
3.25,0.058,76.9,0
1.96,0.07,83.3,0
1.99,0.363,90.5,0
4.74,0.166,5.8,0
1.74,0.535,48.7,0
4.58,0.146,74.8,0
1.43,0.08,68.6,0
3.1,0.192,5.7,0
4.23,0.323,20.2,1
4.33,0.143,2.6,0
2.15,0.382,5.5,0
3.17,0.308,34.2,0
3.26,0.084,54.9,0
3.21,0.144,90.8,0
4.19,0.2,89.6,0
0.79,0.264,103.2,0
1.73,0.291,19.7,0
2.06,0.149,12.1,0
3.25,0.109,39.9,0
1.09,0.314,80.1,0
4.98,0.102,50.6,0
3.24,0.114,18.3,0
0.67,0.594,98.4,0
3.25,0.208,21.0,0
1.84,0.466,42.3,0
1.91,0.503,71.6,0
1.66,0.5,17.5,0
0.97,0.36,68.2,0
2.92,0.135,9.9,0
1.29,0.077,32.0,0
0.8,0.111,29.9,0
3.0,0.267,12.7,0
1.34,0.076,105.0,0
4.23,0.186,105.3,0
1.8,0.12,57.2,0
2.64,0.07,67.3,0
1.95,0.511,38.4,0
2.72,0.192,65.5,0
1.62,0.359,116.0,0
2.32,0.098,42.3,0
2.89,0.261,15.0,0
0.71,0.175,98.9,0
3.67,0.276,25.7,0
2.74,0.284,104.1,0
2.2,0.532,15.1,0
1.62,0.501,59.3,0
1.41,0.507,7.2,0
2.64,0.144,41.1,0
1.66,0.239,12.7,0
1.07,0.068,3.1,0
1.96,0.562,98.2,0
1.02,0.078,63.2,0
1.43,0.191,37.5,0
0.68,0.387,78.0,0
4.86,0.11,11.0,0
3.87,0.285,28.8,1
3.27,0.247,59.7,0
0.75,0.343,85.5,0
4.89,0.104,17.4,0
4.84,0.124,57.4,0
1.68,0.301,62.5,0
0.81,0.481,54.6,0
2.49,0.101,74.8,0
1.07,0.543,84.3,0
1.41,0.419,1.3,0
0.68,0.203,7.5,0
3.35,0.205,80.0,0
3.01,0.283,36.9,0
2.52,0.066,32.0,0
3.02,0.26,55.5,0
2.69,0.162,1.9,0
1.09,0.132,13.5,0
4.25,0.157,109.1,0
1.26,0.438,30.4,0
1.66,0.194,78.6,0
2.1,0.305,45.3,0
2.94,0.178,114.0,0
3.0,0.571,26.6,1
1.98,0.225,66.7,0
1.61,0.246,78.1,0
1.26,0.531,70.0,0
1.17,0.199,30.7,0
3.6,0.065,42.9,0
1.14,0.236,73.3,0
4.16,0.195,101.4,0
4.02,0.477,24.4,1
0.56,0.314,39.6,0
1.29,0.365,24.8,0
3.78,0.12,91.2,0
2.29,0.058,86.8,0
1.86,0.291,108.0,0
0.72,0.276,53.0,0
0.9,0.451,89.0,0
1.16,0.057,5.1,0
1.55,0.255,23.5,0
3.53,0.162,54.1,0
1.01,0.129,77.7,0
1.97,0.43,76.1,0
2.25,0.488,6.9,0
2.82,0.36,24.2,0
1.58,0.262,14.6,0
1.5,0.057,109.0,0
2.54,0.2,74.2,0
2.48,0.166,113.1,0
0.99,0.445,72.5,0
3.45,0.208,68.6,0
1.78,0.287,24.3,0
2.27,0.142,52.2,0
3.3,0.568,62.0,1
0.76,0.515,89.6,0
2.07,0.504,50.1,0
4.09,0.154,20.2,0
3.82,0.086,43.2,0
2.95,0.201,21.5,0
1.22,0.302,38.9,0
3.71,0.334,67.0,1
1.73,0.28,116.6,0
2.97,0.162,47.7,0
4.26,0.523,66.3,1
1.78,0.349,81.7,0
1.19,0.449,90.1,0
0.72,0.463,10.5,0
3.61,0.123,118.2,0
4.66,0.118,88.6,0
2.63,0.367,42.9,0
3.16,0.112,30.0,0
2.15,0.337,53.3,0
3.23,0.273,101.0,0
1.99,0.057,0.4,0
2.14,0.122,8.1,0
2.76,0.215,68.0,0
2.98,0.245,109.5,0
1.58,0.346,2.7,0
1.57,0.1,113.7,0
3.6,0.13,17.4,0
4.54,0.059,113.6,0
0.73,0.13,4.6,0
2.11,0.594,15.5,0
1.48,0.46,80.6,0
0.54,0.128,52.5,0
2.22,0.288,106.7,0
2.04,0.08,17.3,0
1.46,0.597,36.8,0
0.61,0.527,99.7,0
1.87,0.142,91.2,0
4.59,0.146,6.2,0
0.78,0.174,108.7,0
1.44,0.35,103.4,0
4.89,0.07,79.7,0
0.86,0.084,99.8,0
2.2,0.137,112.8,0
2.9,0.072,79.2,0
1.7,0.295,117.8,0
1.53,0.338,93.2,0
2.03,0.534,72.9,0
4.37,0.189,6.6,0
1.7,0.555,86.6,0
2.18,0.119,108.0,0
2.82,0.554,5.5,1
0.51,0.35,67.3,0
2.1,0.375,1.5,0
1.82,0.498,92.2,0
3.93,0.069,14.2,0
0.8,0.099,103.9,0
1.66,0.447,89.7,0
2.5,0.42,11.9,0
2.05,0.382,117.2,0
3.29,0.275,112.5,0
3.69,0.202,115.1,0
3.39,0.228,52.1,0
1.78,0.389,81.2,0
4.85,0.123,43.3,0
2.22,0.404,92.5,0
1.51,0.524,109.2,0
3.39,0.129,67.9,0
4.05,0.214,52.7,0
1.17,0.431,84.6,0
1.36,0.585,12.5,0
4.96,0.153,105.2,0
1.73,0.561,56.9,0
2.07,0.246,67.5,0
2.68,0.052,7.5,0
2.66,0.107,79.3,0
1.1,0.26,73.6,0
1.91,0.414,83.1,0
4.31,0.187,25.5,0
1.51,0.243,23.1,0
2.57,0.193,26.1,0
0.54,0.169,78.2,0
0.91,0.155,93.1,0
1.49,0.277,11.8,0
3.87,0.115,47.5,0
1.91,0.055,4.9,0
2.09,0.385,86.9,0
3.68,0.151,103.0,0
1.16,0.197,29.7,0
1.8,0.187,79.6,0
2.72,0.227,89.7,0
0.91,0.374,116.5,0
1.63,0.376,108.3,0
4.34,0.104,119.1,0
1.17,0.316,93.8,0
2.13,0.488,23.8,0
4.01,0.133,68.1,0
2.16,0.131,34.6,0
1.14,0.389,109.2,0
2.02,0.189,102.4,0
1.65,0.528,45.2,0
3.35,0.088,61.0,0
1.33,0.155,55.7,0
4.27,0.053,15.6,0
4.84,0.096,38.7,0
0.55,0.1,37.3,0
3.74,0.139,61.6,0
1.4,0.592,16.5,0
4.96,0.118,8.0,0
0.95,0.393,16.6,0
2.28,0.438,89.2,0
0.87,0.373,49.1,0
3.82,0.068,90.8,0
0.81,0.508,98.6,0
0.96,0.589,66.9,0
1.12,0.477,115.9,0
2.65,0.441,34.8,1
2.42,0.39,114.6,0
3.1,0.117,90.7,0
1.73,0.244,64.5,0
2.38,0.418,74.6,0
0.69,0.433,38.8,0
4.46,0.158,28.9,0
0.53,0.596,114.0,0
3.9,0.199,52.6,0
2.57,0.266,27.2,0
2.55,0.343,7.7,0
1.46,0.055,67.4,0
2.99,0.124,51.3,0
2.41,0.143,3.3,0
0.78,0.445,117.4,0
0.57,0.557,69.0,0
2.96,0.173,3.7,0
2.74,0.202,115.1,0
4.68,0.162,108.9,0
3.73,0.098,15.5,0
1.83,0.237,107.3,0
2.48,0.081,85.2,0
2.79,0.084,119.9,0
3.37,0.202,10.0,0
0.58,0.498,31.0,0
1.91,0.318,84.8,0
2.74,0.288,94.8,0
0.59,0.478,91.9,0
1.25,0.353,96.5,0
1.81,0.354,76.4,0
0.58,0.191,29.7,0
2.47,0.297,45.2,0
0.72,0.446,87.0,0
4.18,0.059,47.8,0
1.69,0.596,115.0,0
2.28,0.322,4.5,0
3.74,0.169,68.3,0
1.83,0.089,67.0,0
2.01,0.074,114.9,0
4.26,0.083,29.6,0
0.61,0.303,93.6,0
4.4,0.254,109.1,1
1.19,0.529,71.8,0
2.21,0.207,45.2,0
2.5,0.089,52.2,0
1.6,0.576,19.9,0
3.0,0.177,39.1,0
1.44,0.092,99.1,0
0.84,0.277,19.2,0
1.34,0.074,20.6,0
2.41,0.167,53.6,0
0.55,0.335,96.7,0
2.72,0.079,45.4,0
2.46,0.236,58.5,0
1.37,0.584,36.7,0
1.49,0.491,31.9,0
3.89,0.212,25.2,0
0.97,0.452,47.2,0
1.79,0.551,32.1,0
2.38,0.181,73.2,0
1.36,0.087,63.6,0
4.61,0.101,101.2,0
0.89,0.155,20.0,0
1.24,0.459,98.5,0
1.46,0.145,104.8,0
1.22,0.117,50.7,0
0.71,0.174,86.1,0
1.19,0.385,72.2,0
2.09,0.485,95.9,0
4.06,0.213,15.8,0
2.01,0.15,87.5,0
2.58,0.117,84.0,0
0.97,0.521,67.2,0
3.45,0.208,114.9,0
2.92,0.075,66.9,0
0.84,0.488,31.0,0
1.68,0.58,111.6,0
1.53,0.539,108.3,0
1.54,0.462,79.7,0
0.92,0.304,102.1,0
2.68,0.279,48.3,0
1.26,0.408,69.1,0
1.53,0.588,26.3,0
1.02,0.597,69.7,0
1.38,0.465,38.8,0
1.95,0.286,6.6,0
0.58,0.498,84.1,0
0.71,0.172,87.5,0
4.22,0.059,67.7,0
3.72,0.179,34.9,0
0.5,0.184,55.5,0
1.09,0.088,93.0,0
0.57,0.561,115.8,0
2.87,0.335,106.6,0
1.65,0.294,79.8,0
3.74,0.138,58.1,0
4.43,0.076,111.2,0
3.12,0.329,108.3,0
1.37,0.239,106.9,0
3.24,0.276,75.4,0
1.16,0.224,71.1,0
1.29,0.121,47.8,0
3.57,0.099,60.4,0
1.09,0.164,66.2,0
0.95,0.386,23.9,0
1.74,0.529,115.0,0
3.76,0.15,89.0,0
2.76,0.072,33.1,0
0.72,0.495,33.4,0
3.44,0.264,71.3,0
2.2,0.126,53.7,0
2.07,0.174,114.5,0
2.32,0.596,1.8,0
1.18,0.587,64.5,0
3.23,0.092,17.0,0
1.15,0.318,115.3,0
1.78,0.248,87.8,0
2.55,0.592,40.4,1
0.99,0.546,12.8,0
4.0,0.082,64.1,0
1.54,0.324,113.7,0
1.76,0.305,29.2,0
3.82,0.229,113.5,1
3.53,0.215,17.3,0
0.88,0.6,67.6,0
0.67,0.153,90.3,0
2.55,0.346,51.2,0
2.4,0.185,91.3,0
3.67,0.111,55.2,0
1.4,0.527,87.3,0
1.53,0.438,30.8,0
3.4,0.466,106.0,1
2.62,0.363,41.2,0
4.44,0.068,47.2,0
2.33,0.285,24.6,0
1.14,0.575,77.2,0
2.82,0.292,60.6,0
1.81,0.573,115.6,0
1.58,0.387,67.0,0
1.33,0.476,107.3,0
1.05,0.354,59.2,0
2.12,0.067,17.4,0
1.42,0.126,83.3,0
3.7,0.253,5.2,0
1.77,0.075,103.3,0
1.53,0.227,60.9,0
1.21,0.154,98.6,0
2.59,0.269,104.6,0
4.37,0.199,36.7,0
2.81,0.1,118.8,0
0.95,0.194,82.5,0
1.86,0.272,11.7,0
3.04,0.271,90.6,0
3.47,0.162,8.9,0
1.38,0.253,42.5,0
1.56,0.399,5.7,0
1.33,0.295,98.2,0
2.46,0.155,69.2,0
3.87,0.087,30.3,0
1.73,0.394,10.5,0
3.95,0.182,64.1,0
0.55,0.333,21.1,0
1.27,0.239,81.9,0
1.55,0.142,67.4,0
4.35,0.136,33.6,0
2.34,0.082,16.4,0
1.44,0.093,47.7,0
3.8,0.459,11.3,1
1.83,0.219,49.6,0
0.58,0.289,57.0,0
0.77,0.06,35.8,0
0.8,0.187,86.2,0
4.38,0.069,104.3,0
0.61,0.304,49.1,0
3.18,0.079,30.1,0
1.78,0.427,32.5,0
0.66,0.076,41.8,0
2.27,0.074,41.3,0
3.59,0.412,9.5,1
2.57,0.386,91.2,0
2.55,0.265,104.1,0
4.22,0.106,100.9,0
2.31,0.077,111.0,0
2.75,0.171,55.0,0
3.74,0.106,51.6,0
3.23,0.407,74.1,1
2.45,0.135,40.3,0
2.81,0.129,95.8,0
1.86,0.595,27.6,0
3.08,0.078,114.5,0
2.22,0.285,116.9,0
0.51,0.071,29.9,0
0.7,0.535,38.8,0
3.08,0.23,19.0,0
1.31,0.421,95.5,0
1.56,0.098,27.6,0
3.16,0.183,106.5,0
3.11,0.166,46.0,0
1.93,0.488,103.4,0
3.52,0.128,19.6,0
1.66,0.158,84.7,0
2.64,0.452,93.5,1
2.58,0.382,119.5,0
1.52,0.535,105.8,0
2.96,0.156,46.0,0
2.83,0.177,79.7,0
2.29,0.369,94.1,0
1.52,0.388,54.3,0
4.23,0.435,65.1,1
1.64,0.405,31.6,0
3.44,0.087,1.3,0
2.97,0.341,69.3,0
4.15,0.082,72.2,0
1.44,0.312,70.2,0
1.0,0.452,4.8,0
1.79,0.356,113.9,0
1.7,0.08,5.3,0
1.16,0.565,21.4,0
2.11,0.236,59.8,0
1.67,0.458,25.2,0
1.47,0.221,72.2,0
2.37,0.355,17.6,0
3.17,0.096,19.9,0
1.79,0.489,35.1,0
2.05,0.108,12.1,0
1.24,0.183,110.2,0
1.29,0.538,103.3,0
3.94,0.109,30.2,0
4.74,0.315,19.6,1
0.75,0.238,10.5,0
2.33,0.273,41.0,0
2.79,0.25,86.4,0
1.44,0.159,117.1,0
2.49,0.304,74.2,0
0.7,0.406,91.3,0
2.55,0.167,88.0,0
1.71,0.599,15.3,0
0.74,0.286,56.4,0
4.93,0.58,58.2,1
0.79,0.285,98.1,0
0.95,0.168,0.0,0
2.91,0.417,95.6,1
2.62,0.16,49.0,0
3.78,0.22,78.2,0
2.93,0.289,2.2,0
1.58,0.556,35.2,0
1.95,0.054,61.0,0
1.0,0.376,59.1,0
3.36,0.237,20.3,0
1.04,0.537,64.7,0
2.44,0.058,23.3,0
3.34,0.163,28.0,0
2.43,0.388,117.3,0
2.09,0.299,96.3,0
3.86,0.202,103.1,0
2.53,0.441,115.9,0
4.55,0.159,22.4,0
1.79,0.477,26.6,0
3.37,0.21,87.1,0
2.33,0.126,8.6,0
2.35,0.229,52.6,0
2.81,0.205,112.4,0
1.87,0.402,81.1,0
3.61,0.072,74.1,0
0.75,0.083,1.4,0
2.39,0.108,0.2,0
0.63,0.255,43.0,0
2.1,0.395,40.1,0
4.53,0.134,31.0,0
0.55,0.104,47.4,0
3.23,0.113,113.6,0
2.84,0.306,15.1,0
4.83,0.122,51.2,0
3.11,0.199,70.6,0
3.87,0.138,37.2,0
4.01,0.169,30.9,0
1.26,0.172,3.2,0
1.43,0.443,30.4,0
2.01,0.315,11.4,0
3.34,0.46,16.4,1
1.26,0.051,62.1,0
1.1,0.467,20.2,0
3.42,0.056,51.7,0
4.15,0.077,33.0,0
0.81,0.135,37.7,0
1.54,0.051,11.1,0
0.76,0.405,81.9,0
0.72,0.417,67.7,0
2.49,0.224,110.4,0
0.97,0.487,96.4,0
3.65,0.202,5.5,0
1.46,0.085,109.1,0
0.6,0.284,71.8,0
3.73,0.522,76.7,1
2.68,0.192,92.9,0
1.6,0.157,102.3,0
1.5,0.523,62.5,0
1.72,0.438,64.9,0
1.94,0.265,58.2,0
1.83,0.563,112.2,0
2.93,0.298,26.2,0
2.57,0.547,39.0,1
0.69,0.077,33.9,0
3.97,0.249,65.9,0
2.05,0.283,120.0,0
2.94,0.311,84.8,0
3.23,0.184,63.3,0
1.38,0.126,60.6,0
1.76,0.416,24.9,0
2.3,0.258,68.1,0
2.51,0.112,60.1,0
3.01,0.11,94.2,0
4.84,0.179,24.3,0
3.1,0.219,106.0,0
0.77,0.513,109.6,0
3.23,0.213,19.9,0
0.99,0.113,87.7,0
2.62,0.268,95.1,0
0.88,0.58,45.2,0
1.12,0.357,83.9,0
0.9,0.487,4.9,0
2.4,0.417,1.0,0
0.72,0.46,25.4,0
1.61,0.382,3.0,0
1.22,0.136,38.2,0
1.79,0.171,116.2,0
0.94,0.276,67.6,0
2.03,0.544,39.6,0
0.88,0.149,20.0,0
4.24,0.202,76.1,0
0.67,0.346,82.6,0
4.17,0.201,60.3,0
1.68,0.138,8.1,0
2.15,0.444,85.7,0
0.78,0.289,103.4,0
1.47,0.491,110.9,0
0.83,0.359,63.8,0
3.82,0.098,41.7,0
0.58,0.319,54.7,0
2.11,0.205,97.7,0
3.3,0.346,20.3,0
2.8,0.074,25.4,0
2.1,0.524,59.2,0
1.47,0.077,115.5,0
2.2,0.272,64.4,0
1.64,0.562,113.5,0
0.94,0.09,106.9,0
0.52,0.415,9.8,0
1.29,0.168,118.1,0
3.96,0.181,2.3,0
1.67,0.105,49.9,0
1.78,0.174,92.7,0
4.65,0.095,87.2,0
1.71,0.412,79.7,0
1.59,0.202,52.3,0
1.58,0.208,4.5,0
3.21,0.066,12.6,0
1.5,0.329,56.2,0
1.86,0.304,75.1,0
2.47,0.441,14.8,0
1.74,0.523,77.6,0
1.82,0.496,117.3,0
1.88,0.285,98.5,0
4.46,0.492,57.2,1
2.3,0.148,35.4,0
1.25,0.297,1.5,0
2.86,0.132,50.5,0
2.59,0.082,113.1,0
1.33,0.506,64.8,0
0.56,0.58,22.9,0
0.83,0.249,84.8,0
1.42,0.51,15.6,0
2.58,0.125,66.5,0
4.05,0.149,65.0,0
3.49,0.201,99.3,0
2.15,0.059,27.8,0
1.13,0.231,75.1,0
3.4,0.158,53.9,0
2.23,0.45,24.5,0
2.57,0.407,27.1,0
4.69,0.201,66.6,1
1.74,0.522,5.9,0
2.25,0.382,109.9,0
2.24,0.513,75.8,0
4.39,0.116,78.4,0
0.91,0.12,14.0,0
3.93,0.211,118.7,0
2.85,0.272,54.5,0
1.11,0.172,73.4,0
0.68,0.436,18.8,0
2.15,0.582,44.2,0
4.61,0.267,95.0,1
1.1,0.325,27.5,0
2.22,0.457,28.6,0
1.28,0.143,83.9,0
1.45,0.071,43.0,0
3.67,0.222,63.4,0
2.3,0.438,55.6,0
1.61,0.455,19.2,0
1.01,0.276,83.6,0
0.95,0.59,1.2,0
0.75,0.496,25.3,0
2.14,0.378,74.9,0
0.98,0.505,110.2,0
3.25,0.094,66.3,0
1.73,0.559,16.3,0
3.61,0.224,101.8,0
1.94,0.405,73.8,0
0.57,0.571,53.7,0
3.03,0.052,107.7,0
3.19,0.202,55.3,0
4.75,0.284,71.2,1
1.84,0.489,26.6,0
0.61,0.202,106.6,0
0.94,0.552,85.2,0
2.89,0.334,3.9,0
3.41,0.134,100.8,0
4.43,0.175,115.9,0
2.06,0.059,100.5,0
1.52,0.072,1.3,0
0.96,0.509,12.6,0
2.72,0.436,8.2,0
2.15,0.574,32.5,0
3.97,0.277,24.3,1
1.05,0.34,68.3,0
0.89,0.404,118.9,0
1.09,0.29,21.6,0
4.47,0.132,20.1,0
2.43,0.071,46.9,0
4.8,0.152,61.8,0
2.49,0.08,21.0,0
0.6,0.166,80.0,0
3.71,0.382,31.8,1
3.12,0.092,66.9,0
0.56,0.578,81.9,0
3.34,0.171,12.4,0
2.12,0.271,68.5,0
1.36,0.549,104.1,0
2.07,0.208,1.4,0
0.88,0.332,103.0,0
2.78,0.378,7.9,0
3.6,0.091,114.8,0
1.22,0.418,31.3,0
2.26,0.419,28.7,0
3.93,0.118,28.0,0
2.62,0.253,20.7,0
1.88,0.563,14.6,0
0.51,0.177,60.0,0
4.68,0.477,104.5,1
2.79,0.118,28.7,0
0.6,0.516,92.1,0
3.66,0.051,28.2,0
3.19,0.235,72.6,0
4.01,0.191,68.5,0
3.06,0.135,105.5,0
1.19,0.567,48.5,0
1.97,0.298,67.3,0
3.39,0.284,72.5,0
1.85,0.055,79.4,0
2.37,0.416,10.6,0
1.28,0.534,27.1,0
3.1,0.106,53.4,0
4.4,0.159,63.6,0
3.23,0.222,35.1,0
1.78,0.508,32.0,0
4.15,0.194,24.4,0
2.66,0.595,119.7,1
2.43,0.136,86.3,0
1.19,0.475,110.0,0
0.63,0.111,112.7,0
0.76,0.359,99.8,0
1.4,0.227,92.6,0
1.6,0.241,7.3,0
3.14,0.142,27.9,0
2.17,0.355,3.1,0
